Level0_profiles,MULakeNumber,year,month,day,csv,Level0to1_done,Level0to1_done_date,profile_date,maxDepth_m,latitude,longitude,altitude_m,barometerAirHandheld_mbars,doConcentration_mgpL_bottom,doConcentration_mgpL_bottom5mean,nrow_original_Level0,nrow_readProfile,nrow_Level1,Level1FileName
003_2018_05_29_P.csv,003,2018,05,29,P,Yes,2023-06-25,2018-05-29,15.899,NA,NA,NA,981.8044742729306,0.16,0.16,333,333,298,003_2018_05_29_P_Level1.csv
003_2018_06_18_P.csv,003,2018,06,18,P,Yes,2023-06-25,2018-06-18,14.734,NA,NA,NA,988.2069651741294,0.19,0.19,249,249,201,003_2018_06_18_P_Level1.csv
003_2018_07_16_P.csv,003,2018,07,16,P,Yes,2023-06-25,2018-07-16,14.718,NA,NA,NA,987.0534534534534,0.02,0.02,260,260,222,003_2018_07_16_P_Level1.csv
003_2018_08_06_P.csv,003,2018,08,06,P,Yes,2023-06-25,2018-08-06,15.74825,NA,NA,NA,988.5628274616079,0.17,0.17,3350,280,246,003_2018_08_06_P_Level1.csv
005_2018_05_29_P.csv,005,2018,05,29,P,Yes,2023-06-25,2018-05-29,13.491,NA,NA,NA,990.6935185185185,0.21,0.21166666666666667,155,155,144,005_2018_05_29_P_Level1.csv
005_2018_06_18_P.csv,005,2018,06,18,P,Yes,2023-06-25,2018-06-18,12.945,NA,NA,NA,997.0686274509803,0.14,0.14666666666666667,229,229,204,005_2018_06_18_P_Level1.csv
005_2018_07_16_P.csv,005,2018,07,16,P,Yes,2023-06-25,2018-07-16,12.942,NA,NA,NA,994.6983498349834,0.04,0.04,235,235,202,005_2018_07_16_P_Level1.csv
005_2018_08_06_P.csv,005,2018,08,06,P,Yes,2023-06-25,2018-08-06,13.456083333333334,NA,NA,NA,997.2605405405405,0.20166666666666666,0.20027777777777778,2334,195,185,005_2018_08_06_P_Level1.csv
013_2018_05_16.csv,013,2018,05,16,csv,Yes,2023-06-25,2018-05-16,6.612,NA,NA,NA,990.9203703703704,0.15,0.15,236,236,72,013_2018_05_16_Level1.csv
013_2018_06_11.csv,013,2018,06,11,csv,Yes,2023-06-25,2018-06-11,6.008,NA,NA,NA,986.2371308016878,0.07,0.07,179,179,158,013_2018_06_11_Level1.csv
013_2018_07_09.csv,013,2018,07,09,csv,Yes,2023-06-25,2018-07-09,6.01,NA,NA,NA,999.8117048346056,0.1,0.10500000000000001,144,144,131,013_2018_07_09_Level1.csv
013_2018_07_30.csv,013,2018,07,30,csv,Yes,2023-06-25,2018-07-30,5.955166666666667,NA,NA,NA,994.5046015712683,0.22,0.22236111111111112,1301,110,99,013_2018_07_30_Level1.csv
018_2018_06_04_P.csv,018,2018,06,04,P,Yes,2023-06-25,2018-06-04,13.313,NA,NA,NA,985.4759420289855,1.11,1.315,253,253,230,018_2018_06_04_P_Level1.csv
018_2018_06_25_P.csv,018,2018,06,25,P,Yes,2023-06-25,2018-06-25,13.83,NA,NA,NA,982.417601760176,3.42,3.535,358,358,303,018_2018_06_25_P_Level1.csv
018_2018_07_23.csv,018,2018,07,23,csv,Yes,2023-06-25,2018-07-23,10.108,NA,NA,NA,983.6663507109005,4.33,4.516666666666667,227,227,211,018_2018_07_23_Level1.csv
018_2018_08_13.csv,018,2018,08,13,csv,Yes,2023-06-25,2018-08-13,11.327333333333334,NA,NA,NA,986.2612535612536,1.6328571428571428,1.7350595238095239,2065,173,156,018_2018_08_13_Level1.csv
025_2018_06_06.csv,025,2018,06,06,csv,Yes,2023-06-25,2018-06-06,6.465,NA,NA,NA,994.3453416149068,0.1,0.1,196,196,161,025_2018_06_06_Level1.csv
025_2018_06_27.csv,025,2018,06,27,csv,Yes,2023-06-25,2018-06-27,6.894,NA,NA,NA,992.8899470899471,0.17,0.17333333333333334,218,218,126,025_2018_06_27_Level1.csv
025_2018_07_25.csv,025,2018,07,25,csv,Yes,2023-06-25,2018-07-25,8.873,NA,NA,NA,998.9798095238095,0.16,0.16166666666666668,191,191,175,025_2018_07_25_Level1.csv
025_2018_08_15.csv,025,2018,08,15,csv,Yes,2023-06-25,2018-08-15,6.082833333333333,NA,NA,NA,995.4801994301995,3.97,3.9831944444444445,1102,93,78,025_2018_08_15_Level1.csv
027_2018_06_06.csv,027,2018,06,06,csv,Yes,2023-06-25,2018-06-06,5.214,NA,NA,NA,994.2842975206612,0.21,0.21,160,160,121,027_2018_06_06_Level1.csv
027_2018_06_27.csv,027,2018,06,27,csv,Yes,2023-06-25,2018-06-27,6.085,NA,NA,NA,993.4335917312662,0.26,0.26,154,154,129,027_2018_06_27_Level1.csv
027_2018_07_25.csv,027,2018,07,25,csv,Yes,2023-06-25,2018-07-25,6.205,NA,NA,NA,998.0876957494407,0.39,0.4033333333333333,166,166,149,027_2018_07_25_Level1.csv
027_2018_08_15.csv,027,2018,08,15,csv,Yes,2023-06-25,2018-08-15,4.3620833333333335,NA,NA,NA,996.7546666666667,1.0666666666666667,1.17,781,66,50,027_2018_08_15_Level1.csv
028_2018_06_06.csv,028,2018,06,06,csv,Yes,2023-06-25,2018-06-06,7.253,NA,NA,NA,999.8506329113924,0.08,0.08,190,190,158,028_2018_06_06_Level1.csv
028_2018_06_27.csv,028,2018,06,27,csv,Yes,2023-06-25,2018-06-27,7.293,NA,NA,NA,998.7244161358811,0.16,0.16,188,188,157,028_2018_06_27_Level1.csv
028_2018_07_25.csv,028,2018,07,25,csv,Yes,2023-06-25,2018-07-25,7.182,NA,NA,NA,1003.5378881987577,0.19,0.19,176,176,161,028_2018_07_25_Level1.csv
028_2018_08_15.csv,028,2018,08,15,csv,Yes,2023-06-25,2018-08-15,7.48325,NA,NA,NA,999.5476476476476,0.09,0.09513888888888888,1434,120,111,028_2018_08_15_Level1.csv
029_2018_06_06.csv,029,2018,06,06,csv,Yes,2023-06-25,2018-06-06,6.057,NA,NA,NA,999.2344086021506,0.14,0.14,146,146,124,029_2018_06_06_Level1.csv
029_2018_06_27.csv,029,2018,06,27,csv,Yes,2023-06-25,2018-06-27,6.184,NA,NA,NA,998.3881720430107,0.09,0.09,164,164,124,029_2018_06_27_Level1.csv
029_2018_07_25.csv,029,2018,07,25,csv,Yes,2023-06-25,2018-07-25,6.105,NA,NA,NA,1002.7486338797814,0.22,0.22,164,164,122,029_2018_07_25_Level1.csv
029_2018_08_15.csv,029,2018,08,15,csv,Yes,2023-06-25,2018-08-15,6.00575,NA,NA,NA,999.8565864833906,0.128,0.12966666666666668,1299,109,97,029_2018_08_15_Level1.csv
030_2018_06_06_P.csv,030,2018,06,06,P,Yes,2023-06-25,2018-06-06,5.657,NA,NA,NA,1000.6572549019608,0.42,0.45999999999999996,190,190,170,030_2018_06_06_P_Level1.csv
030_2018_06_27_P.csv,030,2018,06,27,P,Yes,2023-06-25,2018-06-27,5.37,NA,NA,NA,1000.1036093418259,2.38,2.3933333333333335,197,197,157,030_2018_06_27_P_Level1.csv
030_2018_07_24.csv,030,2018,07,24,csv,Yes,2023-06-25,2018-07-24,5.503,NA,NA,NA,1002.3361823361823,6.7,4.413333333333333,217,217,117,030_2018_07_24_Level1.csv
030_2018_08_14.csv,030,2018,08,14,csv,Yes,2023-06-25,2018-08-14,5.408666666666667,NA,NA,NA,1003.1138576779025,0.21,0.21347222222222223,1272,107,89,030_2018_08_14_Level1.csv
036_2018_06_05_P.csv,036,2018,06,05,P,Yes,2023-06-25,2018-06-05,7.721,NA,NA,NA,994.1174358974359,1.77,1.7733333333333334,319,319,260,036_2018_06_05_P_Level1.csv
036_2018_06_26_P.csv,036,2018,06,26,P,Yes,2023-06-25,2018-06-26,7.53,NA,NA,NA,995.2398625429553,0.29,0.29,214,214,194,036_2018_06_26_P_Level1.csv
036_2018_07_24_P.csv,036,2018,07,24,P,Yes,2023-06-25,2018-07-24,7.724,NA,NA,NA,999.4491666666667,0.27,0.275,180,180,160,036_2018_07_24_P_Level1.csv
036_2018_08_14.csv,036,2018,08,14,csv,Yes,2023-06-25,2018-08-14,7.439,NA,NA,NA,998.2903381642512,0.3825,0.3940277777777778,1234,104,92,036_2018_08_14_Level1.csv
037_2018_06_05.csv,037,2018,06,05,csv,Yes,2023-06-25,2018-06-05,5.902,NA,NA,NA,986.6992805755395,2.28,2.2866666666666666,190,190,139,037_2018_06_05_Level1.csv
037_2018_06_26.csv,037,2018,06,26,csv,Yes,2023-06-25,2018-06-26,5.427,NA,NA,NA,988.9033816425122,2.31,2.336666666666667,180,180,138,037_2018_06_26_Level1.csv
037_2018_07_24.csv,037,2018,07,24,csv,Yes,2023-06-25,2018-07-24,5.064,NA,NA,NA,991.0860215053763,6.23,6.233333333333333,148,148,124,037_2018_07_24_Level1.csv
037_2018_08_14.csv,037,2018,08,14,csv,Yes,2023-06-25,2018-08-14,4.7610833333333336,NA,NA,NA,989.7964157706093,5.12,5.148472222222222,888,75,62,037_2018_08_14_Level1.csv
038_2018_06_05.csv,038,2018,06,05,csv,Yes,2023-06-25,2018-06-05,4.459,NA,NA,NA,985.2749206349206,0.16,0.16166666666666668,139,139,105,038_2018_06_05_Level1.csv
038_2018_06_26.csv,038,2018,06,26,csv,Yes,2023-06-25,2018-06-26,3.62,NA,NA,NA,987.0562091503267,0.14,0.1366666666666667,162,162,102,038_2018_06_26_Level1.csv
038_2018_07_24.csv,038,2018,07,24,csv,Yes,2023-06-25,2018-07-24,4.354,NA,NA,NA,988.2387301587303,0.24,0.24333333333333332,138,138,105,038_2018_07_24_Level1.csv
038_2018_08_14.csv,038,2018,08,14,csv,Yes,2023-06-25,2018-08-14,4.948416666666667,NA,NA,NA,986.9036231884058,0.11,0.11541666666666667,1232,104,92,038_2018_08_14_Level1.csv
039_2018_06_04_P.csv,039,2018,06,04,P,Yes,2023-06-25,2018-06-04,19.949,NA,NA,NA,979.0450184501844,1.49,1.505,304,304,271,039_2018_06_04_P_Level1.csv
039_2018_06_25_P.csv,039,2018,06,25,P,Yes,2023-06-25,2018-06-25,17.528,NA,NA,NA,975.7295597484276,0.32,0.3466666666666667,372,372,318,039_2018_06_25_P_Level1.csv
039_2018_07_23_P.csv,039,2018,07,23,P,Yes,2023-06-25,2018-07-23,19.63,NA,NA,NA,976.7729230769231,0.25,0.24666666666666667,355,355,325,039_2018_07_23_P_Level1.csv
039_2018_08_13.csv,039,2018,08,13,csv,Yes,2023-06-25,2018-08-13,17.8545,NA,NA,NA,980.081498951782,0.08,0.08291666666666667,2943,246,212,039_2018_08_13_Level1.csv
048_2018_05_14_P.csv,048,2018,05,14,P,Yes,2023-06-25,2018-05-14,9.38,NA,NA,NA,982.0364170337739,3.5,3.52,275,275,227,048_2018_05_14_P_Level1.csv
048_2018_06_19_P.csv,048,2018,06,19,P,Yes,2023-06-25,2018-06-19,9.232,NA,NA,NA,985.8990099009901,0.05,0.05,232,232,202,048_2018_06_19_P_Level1.csv
048_2018_07_17_P.csv,048,2018,07,17,P,Yes,2023-06-25,2018-07-17,8.942,NA,NA,NA,989.3725888324873,0.07,0.07,214,214,197,048_2018_07_17_P_Level1.csv
048_2018_08_07.csv,048,2018,08,07,csv,Yes,2023-06-25,2018-08-07,8.769416666666666,NA,NA,NA,988.3182072829132,0.25916666666666666,0.2515277777777778,1654,138,119,048_2018_08_07_Level1.csv
057_2018_05_30_P.csv,057,2018,05,30,P,Yes,2023-06-25,2018-05-30,5.823,NA,NA,NA,980.279674796748,0.16,0.16,181,181,123,057_2018_05_30_P_Level1.csv
057_2018_06_19_P.csv,057,2018,06,19,P,Yes,2023-06-25,2018-06-19,7.099,NA,NA,NA,988.3675925925926,0.12,0.12,168,168,144,057_2018_06_19_P_Level1.csv
057_2018_07_17_P.csv,057,2018,07,17,P,Yes,2023-06-25,2018-07-17,5.001,NA,NA,NA,994.6999999999999,0.2,0.20666666666666667,117,117,80,057_2018_07_17_P_Level1.csv
057_2018_08_07_P.csv,057,2018,08,07,P,Yes,2023-06-25,2018-08-07,5.675583333333333,NA,NA,NA,992.5485838779956,0.2,0.2,1343,113,102,057_2018_08_07_P_Level1.csv
059_2018_06_18.csv,059,2018,06,18,csv,Yes,2023-06-25,2018-06-18,2.908,NA,NA,NA,986.9286549707602,0.52,0.5366666666666667,79,79,57,059_2018_06_18_Level1.csv
059_2018_07_16.csv,059,2018,07,16,csv,Yes,2023-06-25,2018-07-16,3.355,NA,NA,NA,988.6577777777777,0.33,0.34833333333333333,103,103,75,059_2018_07_16_Level1.csv
059_2018_08_06.csv,059,2018,08,06,csv,Yes,2023-06-25,2018-08-06,3.3106666666666666,NA,NA,NA,988.7061728395062,0.37,0.38722222222222225,800,67,54,059_2018_08_06_Level1.csv
059_2018_08_23.csv,059,2018,08,23,csv,Yes,2023-06-25,2018-08-23,4.167083333333333,NA,NA,NA,993.2715873015873,0.7233333333333333,0.7891666666666667,932,79,70,059_2018_08_23_Level1.csv
064_2018_05_23.csv,064,2018,05,23,csv,Yes,2023-06-25,2018-05-23,7.486,NA,NA,NA,987.9565476190476,0.12,0.12,267,267,224,064_2018_05_23_Level1.csv
064_2018_06_13.csv,064,2018,06,13,csv,Yes,2023-06-25,2018-06-13,7.491,NA,NA,NA,988.203125,0.09,0.09,152,152,128,064_2018_06_13_Level1.csv
064_2018_07_11.csv,064,2018,07,11,csv,Yes,2023-06-25,2018-07-11,5.703,NA,NA,NA,988.5674074074074,0.14,0.14500000000000002,124,124,90,064_2018_07_11_Level1.csv
064_2018_08_01.csv,064,2018,08,01,csv,Yes,2023-06-25,2018-08-01,6.842416666666667,NA,NA,NA,987.9663978494624,0.24,0.24,1598,134,124,064_2018_08_01_Level1.csv
070_2018_05_23_P.csv,070,2018,05,23,P,Yes,2023-06-25,2018-05-23,4.45,NA,NA,NA,985.1816091954022,0.17,0.17,166,166,116,070_2018_05_23_P_Level1.csv
070_2018_06_13_P.csv,070,2018,06,13,P,Yes,2023-06-25,2018-06-13,4.013,NA,NA,NA,982.4527777777778,0.17,0.17,133,133,96,070_2018_06_13_P_Level1.csv
070_2018_07_11_P.csv,070,2018,07,11,P,Yes,2023-06-25,2018-07-11,4.502,NA,NA,NA,984.7934640522876,0.1,0.1,133,133,102,070_2018_07_11_P_Level1.csv
070_2018_08_01_P.csv,070,2018,08,01,P,Yes,2023-06-25,2018-08-01,4.03075,NA,NA,NA,983.5360269360269,0.24,0.24625,932,78,66,070_2018_08_01_P_Level1.csv
072_2018_06_20_P.csv,072,2018,06,20,P,Yes,2023-06-25,2018-06-20,6.5296666666666665,NA,NA,NA,976.7270791749834,2.263333333333333,1.7066666666666666,691,231,167,072_2018_06_20_P_Level1.csv
072_2018_07_12_P.csv,072,2018,07,12,P,Yes,2023-06-25,2018-07-12,8.374,NA,NA,NA,986.2969267139481,0.03,0.023333333333333334,221,221,141,072_2018_07_12_P_Level1.csv
072_2018_08_08_P.csv,072,2018,08,08,P,Yes,2023-06-25,2018-08-08,12.571,NA,NA,NA,984,0.15,0.15888888888888889,596,199,188,072_2018_08_08_P_Level1.csv
072_2018_09_27.csv,072,2018,09,27,csv,Yes,2023-06-25,2018-09-27,13.9,NA,NA,NA,NA,0,0.21333333333333332,14,14,14,072_2018_09_27_Level1.csv
074_2018_06_20_P.csv,074,2018,06,20,P,Yes,2023-06-25,2018-06-20,7.117999999999999,NA,NA,NA,977.072094995759,0.11499999999999999,0.11083333333333334,679,227,131,074_2018_06_20_P_Level1.csv
074_2018_07_12_P.csv,074,2018,07,12,P,Yes,2023-06-25,2018-07-12,8.717,NA,NA,NA,986.1663082437276,-0,0,248,248,186,074_2018_07_12_P_Level1.csv
074_2018_08_08_P.csv,074,2018,08,08,P,Yes,2023-06-25,2018-08-08,7.971,NA,NA,NA,983.6430379746835,0.23,0.23333333333333334,301,301,158,074_2018_08_08_P_Level1.csv
074_2018_09_27_P.csv,074,2018,09,27,P,Yes,2023-06-25,2018-09-27,8.925,39.393953921568624,-94.26229009803922,269.3078431372549,984.8235294117648,-0.01,-0.006666666666666667,173,173,102,074_2018_09_27_P_Level1.csv
085_2018_05_31.csv,085,2018,05,31,csv,Yes,2023-06-25,2018-05-31,8.954,NA,NA,NA,973.1140096618357,0.31,0.32166666666666666,162,162,138,085_2018_05_31_Level1.csv
085_2018_06_20.csv,085,2018,06,20,csv,Yes,2023-06-25,2018-06-20,8.446,NA,NA,NA,974.7097643097643,0.2,0.21,222,222,198,085_2018_06_20_Level1.csv
085_2018_07_18.csv,085,2018,07,18,csv,Yes,2023-06-25,2018-07-18,9.018,NA,NA,NA,983.3430167597766,0.19,0.20166666666666666,204,204,179,085_2018_07_18_Level1.csv
085_2018_08_08.csv,085,2018,08,08,csv,Yes,2023-06-25,2018-08-08,9.563416666666667,NA,NA,NA,981.7265835929387,0.31,0.3145833333333333,1470,123,107,085_2018_08_08_Level1.csv
087_2018_05_14_P.csv,087,2018,05,14,P,Yes,2023-06-25,2018-05-14,8.534,NA,NA,NA,982.3482352941177,2.99,2.9933333333333336,197,197,170,087_2018_05_14_P_Level1.csv
087_2018_05_30_P.csv,087,2018,05,30,P,Yes,2023-06-25,2018-05-30,9.247,NA,NA,NA,976.8000000000001,0.31,0.31,176,176,149,087_2018_05_30_P_Level1.csv
087_2018_06_19_P.csv,087,2018,06,19,P,Yes,2023-06-25,2018-06-19,8.995,NA,NA,NA,985.4864957264957,0.08,0.08333333333333333,222,222,195,087_2018_06_19_P_Level1.csv
087_2018_07_17_P.csv,087,2018,07,17,P,Yes,2023-06-25,2018-07-17,9.039,NA,NA,NA,989.2989247311828,0.04,0.04,215,215,186,087_2018_07_17_P_Level1.csv
087_2018_08_07.csv,087,2018,08,07,csv,Yes,2023-06-25,2018-08-07,8.979583333333334,NA,NA,NA,986.7236625514404,0.21,0.21375,1462,123,108,087_2018_08_07_Level1.csv
089_2018_06_14_P.csv,089,2018,06,14,P,Yes,2023-06-25,2018-06-14,13.462333333333333,NA,NA,NA,987.7062656641604,0.12,0.12,599,201,133,089_2018_06_14_P_Level1.csv
089_2018_08_09.csv,089,2018,08,09,csv,Yes,2023-06-25,2018-08-09,6.312666666666667,NA,NA,NA,989.4787639710717,1.36,1.4933333333333334,638,214,169,089_2018_08_09_Level1.csv
089_2018_09_19.csv,089,2018,09,19,csv,Yes,2023-06-25,2018-09-19,14,NA,NA,NA,NA,0,0.03333333333333333,19,19,19,089_2018_09_19_Level1.csv
089_2018_09_26.csv,089,2018,09,26,csv,Yes,2023-06-25,2018-09-26,7.6,NA,NA,NA,NA,3,4.083333333333334,9,9,9,089_2018_09_26_Level1.csv
091_2018_05_22_P.csv,091,2018,05,22,P,Yes,2023-06-25,2018-05-22,4.402,NA,NA,NA,989.4133333333334,0.16,0.17333333333333334,106,106,90,091_2018_05_22_P_Level1.csv
091_2018_06_12_P.csv,091,2018,06,12,P,Yes,2023-06-25,2018-06-12,4.289,NA,NA,NA,987.0379928315411,0.28,0.2916666666666667,116,116,93,091_2018_06_12_P_Level1.csv
091_2018_07_10_P.csv,091,2018,07,10,P,Yes,2023-06-25,2018-07-10,4.29,NA,NA,NA,992.1246612466125,0.15,0.15333333333333332,154,154,123,091_2018_07_10_P_Level1.csv
091_2018_07_31.csv,091,2018,07,31,csv,Yes,2023-06-25,2018-07-31,4.308,NA,NA,NA,990.6609686609686,3.44,3.4619444444444447,1123,95,78,091_2018_07_31_Level1.csv
092_2018_08_01_P.csv,092,2018,08,01,P,Yes,2023-06-25,2018-08-01,21.323333333333334,NA,NA,NA,984.5875156054931,-0.02,-0.02277777777777778,560,188,178,092_2018_08_01_P_Level1.csv
092_2018_08_15.csv,092,2018,08,15,csv,Yes,2023-06-25,2018-08-15,15.828,NA,NA,NA,985.8732106339469,-0.07,-0.07,666,222,163,092_2018_08_15_Level1.csv
092_2018_09_13.csv,092,2018,09,13,csv,Yes,2023-06-25,2018-09-13,20.549,37.89676113043478,-93.31879244927536,253.12144927536232,987.56077294686,-0.03,-0.03,928,310,230,092_2018_09_13_Level1.csv
092_2018_09_20.csv,092,2018,09,20,csv,Yes,2023-06-25,2018-09-20,17.7,NA,NA,NA,NA,0,0.03333333333333333,18,18,18,092_2018_09_20_Level1.csv
093_2018_08_01.csv,093,2018,08,01,csv,Yes,2023-06-25,2018-08-01,18.738666666666667,NA,NA,NA,984.6176979374584,0.04,0.04,574,192,167,093_2018_08_01_Level1.csv
093_2018_08_15.csv,093,2018,08,15,csv,Yes,2023-06-25,2018-08-15,10.57,NA,NA,NA,986.2207407407408,0.26,0.2922222222222222,533,179,120,093_2018_08_15_Level1.csv
093_2018_09_13.csv,093,2018,09,13,csv,Yes,2023-06-25,2018-09-13,16.220333333333333,37.68996891615542,-93.76728300411523,260.9760736196319,987.9588275391957,0.11,0.10222222222222223,696,233,163,093_2018_09_13_Level1.csv
093_2018_09_20.csv,093,2018,09,20,csv,Yes,2023-06-25,2018-09-20,15,NA,NA,NA,NA,0,1.8333333333333333,16,16,16,093_2018_09_20_Level1.csv
094_2018_05_22.csv,094,2018,05,22,csv,Yes,2023-06-25,2018-05-22,6.122,NA,NA,NA,983.3825311942959,0.15,0.14666666666666667,233,233,187,094_2018_05_22_Level1.csv
094_2018_06_06.csv,094,2018,06,06,csv,Yes,2023-06-25,2018-06-06,8.235,NA,NA,NA,976.6376237623762,0.12,0.12,416,139,101,094_2018_06_06_Level1.csv
094_2018_06_12.csv,094,2018,06,12,csv,Yes,2023-06-25,2018-06-12,5.889,NA,NA,NA,978.5719626168224,0.18,0.18,150,150,107,094_2018_06_12_Level1.csv
094_2018_07_10.csv,094,2018,07,10,csv,Yes,2023-06-25,2018-07-10,6.123,NA,NA,NA,986.3203980099503,0.05,0.05,161,161,134,094_2018_07_10_Level1.csv
094_2018_07_31.csv,094,2018,07,31,csv,Yes,2023-06-25,2018-07-31,5.967833333333333,NA,NA,NA,983.8454780361757,0.23,0.23444444444444446,1251,106,86,094_2018_07_31_Level1.csv
094_2018_08_01.csv,094,2018,08,01,csv,Yes,2023-06-25,2018-08-01,5.895,NA,NA,NA,983.7767676767676,0.09,0.09833333333333333,464,155,132,094_2018_08_01_Level1.csv
094_2018_08_15.csv,094,2018,08,15,csv,Yes,2023-06-25,2018-08-15,4.893,NA,NA,NA,983.074213836478,0.11,0.11,396,396,53,094_2018_08_15_Level1.csv
094_2018_09_19.csv,094,2018,09,19,csv,Yes,2023-06-25,2018-09-19,5.389333333333333,NA,NA,NA,980.3228070175439,0.03,0.03277777777777778,669,224,152,094_2018_09_19_Level1.csv
094_2018_10_02.csv,094,2018,10,02,csv,Yes,2023-06-25,2018-10-02,5.531,NA,NA,NA,986.0013605442177,1.3,1.2850000000000001,112,112,98,094_2018_10_02_Level1.csv
094_2018_10_30.csv,094,2018,10,30,csv,Yes,2023-06-25,2018-10-30,5.637,NA,NA,NA,974.2666666666668,4.72,4.753333333333333,330,330,94,094_2018_10_30_Level1.csv
096_2018_05_21_P.csv,096,2018,05,21,P,Yes,2023-06-25,2018-05-21,14.863,NA,NA,NA,971.4237855946399,4.05,4.1,211,211,199,096_2018_05_21_P_Level1.csv
096_2018_06_11_P.csv,096,2018,06,11,P,Yes,2023-06-25,2018-06-11,14.583,NA,NA,NA,964.0460704607046,0.2,0.20500000000000002,283,283,246,096_2018_06_11_P_Level1.csv
096_2018_07_09_P.csv,096,2018,07,09,P,Yes,2023-06-25,2018-07-09,13.586,NA,NA,NA,976.0158102766799,0.06,0.06,339,339,253,096_2018_07_09_P_Level1.csv
096_2018_07_30.csv,096,2018,07,30,csv,Yes,2023-06-25,2018-07-30,13.197333333333333,NA,NA,NA,971.4159391534392,0.22,0.22,2210,185,168,096_2018_07_30_Level1.csv
098_2018_05_21_P.csv,098,2018,05,21,P,Yes,2023-06-25,2018-05-21,15.455,NA,NA,NA,981.794744121715,8.41,8.41,298,298,241,098_2018_05_21_P_Level1.csv
098_2018_06_12_P.csv,098,2018,06,12,P,Yes,2023-06-25,2018-06-12,14.326,NA,NA,NA,981.8528735632184,6.54,6.553333333333333,264,264,232,098_2018_06_12_P_Level1.csv
098_2018_07_10_P.csv,098,2018,07,10,P,Yes,2023-06-25,2018-07-10,20.024,NA,NA,NA,988.4479166666666,5.07,5.060833333333333,415,277,256,098_2018_07_10_P_Level1.csv
098_2018_07_31_P.csv,098,2018,07,31,P,Yes,2023-06-25,2018-07-31,22.852166666666665,NA,NA,NA,983.9499588477366,3.81,3.81,3459,289,270,098_2018_07_31_P_Level1.csv
107_2018_06_04.csv,107,2018,06,04,csv,Yes,2023-06-25,2018-06-04,5.718,NA,NA,NA,977.5889655172414,0.07,0.07,191,191,145,107_2018_06_04_Level1.csv
107_2018_06_25.csv,107,2018,06,25,csv,Yes,2023-06-25,2018-06-25,5.54,NA,NA,NA,973.4802721088436,0.06,0.06333333333333334,205,205,147,107_2018_06_25_Level1.csv
107_2018_07_23.csv,107,2018,07,23,csv,Yes,2023-06-25,2018-07-23,5.598,NA,NA,NA,973.9574468085107,0.17,0.17,173,173,141,107_2018_07_23_Level1.csv
107_2018_08_13.csv,107,2018,08,13,csv,Yes,2023-06-25,2018-08-13,5.187416666666667,NA,NA,NA,977.4735802469136,0.1,0.10180555555555557,1334,112,90,107_2018_08_13_Level1.csv
108_2018_06_04.csv,108,2018,06,04,csv,Yes,2023-06-25,2018-06-04,4.602,NA,NA,NA,977.7553398058252,0.7,0.7033333333333333,142,142,103,108_2018_06_04_Level1.csv
108_2018_06_25.csv,108,2018,06,25,csv,Yes,2023-06-25,2018-06-25,4.718,NA,NA,NA,973.1820330969267,0.09,0.09,170,170,141,108_2018_06_25_Level1.csv
108_2018_07_23.csv,108,2018,07,23,csv,Yes,2023-06-25,2018-07-23,4.092,NA,NA,NA,974.5659863945577,0.24,0.23833333333333334,124,124,98,108_2018_07_23_Level1.csv
108_2018_08_13.csv,108,2018,08,13,csv,Yes,2023-06-25,2018-08-13,4.533166666666666,NA,NA,NA,977.7247863247862,0.18,0.18569444444444444,1141,96,78,108_2018_08_13_Level1.csv
110_2018_06_04_P.csv,110,2018,06,04,P,Yes,2023-06-25,2018-06-04,7.36,NA,NA,NA,982.2989583333334,0.23,0.23,181,181,128,110_2018_06_04_P_Level1.csv
110_2018_06_25_P.csv,110,2018,06,25,P,Yes,2023-06-25,2018-06-25,8.226,NA,NA,NA,979.4948073701843,0.06,0.06,267,267,199,110_2018_06_25_P_Level1.csv
110_2018_07_23.csv,110,2018,07,23,csv,Yes,2023-06-25,2018-07-23,7.763,NA,NA,NA,979.0580335731414,0.19,0.19,170,170,139,110_2018_07_23_Level1.csv
110_2018_08_13.csv,110,2018,08,13,csv,Yes,2023-06-25,2018-08-13,7.393,NA,NA,NA,982.5482695810564,0.09285714285714286,0.09853174603174604,1625,136,122,110_2018_08_13_Level1.csv
112_2018_06_04_P.csv,112,2018,06,04,P,Yes,2023-06-25,2018-06-04,16.064,NA,NA,NA,983.8422222222222,0.26,0.26,267,267,240,112_2018_06_04_P_Level1.csv
112_2018_06_25_P.csv,112,2018,06,25,P,Yes,2023-06-25,2018-06-25,16.222,NA,NA,NA,981.3150159744409,0.2,0.195,368,368,313,112_2018_06_25_P_Level1.csv
112_2018_07_23_P.csv,112,2018,07,23,P,Yes,2023-06-25,2018-07-23,16.312,NA,NA,NA,982.775572519084,0.21,0.21,309,309,262,112_2018_07_23_P_Level1.csv
112_2018_08_13.csv,112,2018,08,13,csv,Yes,2023-06-25,2018-08-13,16.401666666666667,NA,NA,NA,985.027312534209,0.1,0.1,2650,222,203,112_2018_08_13_Level1.csv
114_2018_05_30_P.csv,114,2018,05,30,P,Yes,2023-06-25,2018-05-30,8.111,NA,NA,NA,979.6078431372549,0.08,0.08333333333333333,216,216,170,114_2018_05_30_P_Level1.csv
114_2018_06_19_P.csv,114,2018,06,19,P,Yes,2023-06-25,2018-06-19,6.342,NA,NA,NA,988.3205387205388,0.16,0.165,135,135,99,114_2018_06_19_P_Level1.csv
114_2018_07_17_P.csv,114,2018,07,17,P,Yes,2023-06-25,2018-07-17,8.208,NA,NA,NA,993.7487922705313,0.05,0.05,162,162,138,114_2018_07_17_P_Level1.csv
114_2018_08_07_P.csv,114,2018,08,07,P,Yes,2023-06-25,2018-08-07,8.239333333333333,NA,NA,NA,991.4477987421384,0.22,0.22402777777777777,1409,118,106,114_2018_08_07_P_Level1.csv
115_2018_06_18_P.csv,115,2018,06,18,P,Yes,2023-06-25,2018-06-18,5.22,NA,NA,NA,988.7003003003003,0.32,0.33166666666666667,150,150,111,115_2018_06_18_P_Level1.csv
115_2018_07_16_P.csv,115,2018,07,16,P,Yes,2023-06-25,2018-07-16,6.997,NA,NA,NA,989.4828660436137,0.16,0.16666666666666669,127,127,107,115_2018_07_16_P_Level1.csv
115_2018_08_06.csv,115,2018,08,06,csv,Yes,2023-06-25,2018-08-06,6.53125,NA,NA,NA,990.0879910213243,0.31,0.31,1370,115,99,115_2018_08_06_Level1.csv
115_2018_08_23.csv,115,2018,08,23,csv,Yes,2023-06-25,2018-08-23,5.664666666666667,NA,NA,NA,994.5654565456546,0.15333333333333332,0.17194444444444446,1433,121,101,115_2018_08_23_Level1.csv
117_2018_05_16_P.csv,117,2018,05,16,P,Yes,2023-06-25,2018-05-16,7.053,NA,NA,NA,985.0222222222222,0.13,0.12666666666666668,251,251,123,117_2018_05_16_P_Level1.csv
117_2018_06_18_P.csv,117,2018,06,18,P,Yes,2023-06-25,2018-06-18,6.945,NA,NA,NA,987.2834605597965,0.13,0.13,158,158,131,117_2018_06_18_P_Level1.csv
117_2018_07_16_P.csv,117,2018,07,16,P,Yes,2023-06-25,2018-07-16,7.222,NA,NA,NA,984.6675438596491,0.02,0.02,203,203,152,117_2018_07_16_P_Level1.csv
117_2018_08_06.csv,117,2018,08,06,csv,Yes,2023-06-25,2018-08-06,6.8453333333333335,NA,NA,NA,987.5797008547008,0.16,0.16,1420,120,104,117_2018_08_06_Level1.csv
118_2018_05_23_P.csv,118,2018,05,23,P,Yes,2023-06-25,2018-05-23,8.301,NA,NA,NA,984.7131498470948,0.08,0.08,243,243,218,118_2018_05_23_P_Level1.csv
118_2018_06_13_P.csv,118,2018,06,13,P,Yes,2023-06-25,2018-06-13,9.021,NA,NA,NA,981.9609195402298,0.11,0.11,199,199,174,118_2018_06_13_P_Level1.csv
118_2018_07_11_P.csv,118,2018,07,11,P,Yes,2023-06-25,2018-07-11,8.346,NA,NA,NA,984.019696969697,0.04,0.04,190,190,176,118_2018_07_11_P_Level1.csv
118_2018_08_01.csv,118,2018,08,01,csv,Yes,2023-06-25,2018-08-01,8.269666666666666,NA,NA,NA,982.8497119341564,0.2,0.20402777777777778,1721,145,135,118_2018_08_01_Level1.csv
121_2018_06_13_P.csv,121,2018,06,13,P,Yes,2023-06-25,2018-06-13,4.240666666666667,NA,NA,NA,989.8722222222223,0.2,0.20333333333333334,412,138,80,121_2018_06_13_P_Level1.csv
121_2018_07_06_P.csv,121,2018,07,06,P,Yes,2023-06-25,2018-07-06,3.787,NA,NA,NA,998.125,0.14,0.14,173,173,96,121_2018_07_06_P_Level1.csv
121_2018_07_11_P.csv,121,2018,07,11,P,Yes,2023-06-25,2018-07-11,3.675,NA,NA,NA,990.1114427860697,0.45,0.46499999999999997,85,85,67,121_2018_07_11_P_Level1.csv
121_2018_08_01_P.csv,121,2018,08,01,P,Yes,2023-06-25,2018-08-01,4.010166666666667,NA,NA,NA,989.0080808080808,0.25181818181818183,0.2690530303030303,979,82,66,121_2018_08_01_P_Level1.csv
133_2018_05_31_P.csv,133,2018,05,31,P,Yes,2023-06-25,2018-05-31,9.822,NA,NA,NA,978.4450574712644,1.45,1.47,181,181,145,133_2018_05_31_P_Level1.csv
133_2018_06_20_P.csv,133,2018,06,20,P,Yes,2023-06-25,2018-06-20,9.565,NA,NA,NA,982.1048484848485,0.09,0.09,253,253,220,133_2018_06_20_P_Level1.csv
133_2018_07_18_P.csv,133,2018,07,18,P,Yes,2023-06-25,2018-07-18,9.567,NA,NA,NA,988.9517006802721,0.07,0.07,224,224,196,133_2018_07_18_P_Level1.csv
133_2018_08_08_P.csv,133,2018,08,08,P,Yes,2023-06-25,2018-08-08,9.251916666666666,NA,NA,NA,985.9032288698955,0.21,0.21541666666666667,1556,131,117,133_2018_08_08_P_Level1.csv
141_2018_05_30.csv,141,2018,05,30,csv,Yes,2023-06-25,2018-05-30,9.976,NA,NA,NA,975.1733333333333,0.32,0.32833333333333337,249,249,205,141_2018_05_30_Level1.csv
141_2018_06_19.csv,141,2018,06,19,csv,Yes,2023-06-25,2018-06-19,11.366,NA,NA,NA,985.0517766497461,0.11,0.11,237,237,197,141_2018_06_19_Level1.csv
141_2018_07_17.csv,141,2018,07,17,csv,Yes,2023-06-25,2018-07-17,9.054,NA,NA,NA,990.1333333333333,0.18,0.185,163,163,139,141_2018_07_17_Level1.csv
141_2018_08_07.csv,141,2018,08,07,csv,Yes,2023-06-25,2018-08-07,9.328583333333334,NA,NA,NA,985.6331768388106,0.26,0.2644444444444445,1859,156,142,141_2018_08_07_Level1.csv
143_2018_06_20.csv,143,2018,06,20,csv,Yes,2023-06-25,2018-06-20,5.222,NA,NA,NA,976.2786786786787,0.13,0.14166666666666666,129,129,111,143_2018_06_20_Level1.csv
143_2018_07_18.csv,143,2018,07,18,csv,Yes,2023-06-25,2018-07-18,5.651,NA,NA,NA,984.8467236467237,0.16,0.16166666666666668,134,134,117,143_2018_07_18_Level1.csv
143_2018_08_08.csv,143,2018,08,08,csv,Yes,2023-06-25,2018-08-08,5.485333333333333,NA,NA,NA,984.1748858447489,0.32,0.3234722222222222,1018,86,73,143_2018_08_08_Level1.csv
143_2018_09_11.csv,143,2018,09,11,csv,Yes,2023-06-25,2018-09-11,5.275166666666666,40.28703413654618,-94.02557108433734,270.1512048192771,984.6661311914323,0.19,0.21569444444444444,1598,134,83,143_2018_09_11_Level1.csv
144_2018_06_05.csv,144,2018,06,05,csv,Yes,2023-06-25,2018-06-05,6.245,NA,NA,NA,983.4398268398269,0.06,0.06,196,196,154,144_2018_06_05_Level1.csv
144_2018_06_26.csv,144,2018,06,26,csv,Yes,2023-06-25,2018-06-26,5.023,NA,NA,NA,984.7702380952381,0.16,0.16833333333333333,162,162,112,144_2018_06_26_Level1.csv
144_2018_07_24.csv,144,2018,07,24,csv,Yes,2023-06-25,2018-07-24,7.218,NA,NA,NA,988.9937649880096,0.23,0.235,154,154,139,144_2018_07_24_Level1.csv
144_2018_08_14.csv,144,2018,08,14,csv,Yes,2023-06-25,2018-08-14,5.668916666666666,NA,NA,NA,988.642524005487,0.26,0.2727777777777778,1087,92,81,144_2018_08_14_Level1.csv
145_2018_05_29.csv,145,2018,05,29,csv,Yes,2023-06-25,2018-05-29,23.567,NA,NA,NA,986.2777120315583,1.59,1.6166666666666667,372,372,338,145_2018_05_29_Level1.csv
145_2018_06_18_P.csv,145,2018,06,18,P,Yes,2023-06-25,2018-06-18,16.521,NA,NA,NA,993.04953145917,3.08,3.01,323,323,249,145_2018_06_18_P_Level1.csv
145_2018_07_16_P.csv,145,2018,07,16,P,Yes,2023-06-25,2018-07-16,15.677,NA,NA,NA,993.0483271375464,1.76,1.7850000000000001,315,315,269,145_2018_07_16_P_Level1.csv
145_2018_08_06_P.csv,145,2018,08,06,P,Yes,2023-06-25,2018-08-06,15.610333333333333,NA,NA,NA,993.5686746987952,0.2,0.2,2217,186,166,145_2018_08_06_P_Level1.csv
149_2018_06_14_P.csv,149,2018,06,14,P,Yes,2023-06-25,2018-06-14,20.31233333333333,NA,NA,NA,991.2532744665194,1.395,1.4780555555555557,521,174,151,149_2018_06_14_P_Level1.csv
149_2018_08_09.csv,149,2018,08,09,csv,Yes,2023-06-25,2018-08-09,24.622333333333334,NA,NA,NA,992.5170991350632,-0.01,-0.01,1080,361,334,149_2018_08_09_Level1.csv
149_2018_09_06.csv,149,2018,09,06,csv,Yes,2023-06-25,2018-09-06,20.705833333333334,38.19139523469388,-92.53585168367347,197.7393537414966,996.0377777777778,-0.01,-0.006944444444444445,4828,403,245,149_2018_09_06_Level1.csv
149_2018_09_26.csv,149,2018,09,26,csv,Yes,2023-06-25,2018-09-26,22.974999999999998,38.204571484375,-92.62700286458333,196.62074652777778,999.8226851851852,-0.01,-0.01,2847,950,384,149_2018_09_26_Level1.csv
150_2018_06_13.csv,150,2018,06,13,csv,Yes,2023-06-25,2018-06-13,4.625,NA,NA,NA,991.1999999999999,0.21,0.22166666666666668,129,129,98,150_2018_06_13_Level1.csv
150_2018_06_13_P.csv,150,2018,06,13,P,Yes,2023-06-25,2018-06-13,4.625,NA,NA,NA,991.1999999999999,0.21,0.22166666666666668,129,129,98,150_2018_06_13_P_Level1.csv
150_2018_07_06_P.csv,150,2018,07,06,P,Yes,2023-06-25,2018-07-06,4.503,NA,NA,NA,1001.4153846153846,0.17,0.17,163,163,78,150_2018_07_06_P_Level1.csv
150_2018_07_11_P.csv,150,2018,07,11,P,Yes,2023-06-25,2018-07-11,4.515,NA,NA,NA,990.74375,0.25,0.25,93,93,64,150_2018_07_11_P_Level1.csv
150_2018_08_01_P.csv,150,2018,08,01,P,Yes,2023-06-25,2018-08-01,4.606166666666667,NA,NA,NA,989.9352826510722,0.27,0.2873611111111111,816,69,57,150_2018_08_01_P_Level1.csv
161_2018_05_22.csv,161,2018,05,22,csv,Yes,2023-06-25,2018-05-22,5.181,NA,NA,NA,986.9310924369748,0.22,0.22333333333333333,234,234,119,161_2018_05_22_Level1.csv
161_2018_06_12.csv,161,2018,06,12,csv,Yes,2023-06-25,2018-06-12,5.193,NA,NA,NA,983.7319298245613,0.15,0.165,128,128,95,161_2018_06_12_Level1.csv
161_2018_07_10.csv,161,2018,07,10,csv,Yes,2023-06-25,2018-07-10,4.624,NA,NA,NA,989.985046728972,0.25,0.25,126,126,107,161_2018_07_10_Level1.csv
161_2018_07_31.csv,161,2018,07,31,csv,Yes,2023-06-25,2018-07-31,6.191833333333333,NA,NA,NA,987.9677559912855,0.25,0.2554166666666667,1337,112,102,161_2018_07_31_Level1.csv
179_2018_06_20_P.csv,179,2018,06,20,P,Yes,2023-06-25,2018-06-20,8.639,NA,NA,NA,969.1113438045375,0.07,0.07333333333333333,211,211,191,179_2018_06_20_P_Level1.csv
179_2018_07_18_P.csv,179,2018,07,18,P,Yes,2023-06-25,2018-07-18,6.471,NA,NA,NA,976.7638242894058,0.12,0.12166666666666666,151,151,129,179_2018_07_18_P_Level1.csv
179_2018_08_08_P.csv,179,2018,08,08,P,Yes,2023-06-25,2018-08-08,7.478166666666667,NA,NA,NA,977.0912621359223,0.17,0.17430555555555555,1399,118,103,179_2018_08_08_P_Level1.csv
179_2018_09_12.csv,179,2018,09,12,csv,Yes,2023-06-25,2018-09-12,9.008,40.34974856410256,-95.13307035897436,296.8333333333333,982.3986324786325,-0.01,-0.011666666666666667,366,366,195,179_2018_09_12_Level1.csv
180_2018_06_20_P.csv,180,2018,06,20,P,Yes,2023-06-25,2018-06-20,9.257,NA,NA,NA,971.8496644295302,0.15,0.15,189,189,149,180_2018_06_20_P_Level1.csv
180_2018_07_18_P.csv,180,2018,07,18,P,Yes,2023-06-25,2018-07-18,8.075,NA,NA,NA,978.918820861678,0.09,0.09333333333333334,191,191,147,180_2018_07_18_P_Level1.csv
180_2018_08_08_P.csv,180,2018,08,08,P,Yes,2023-06-25,2018-08-08,8.842916666666667,NA,NA,NA,979.8595387840671,0.19,0.19791666666666669,1409,118,106,180_2018_08_08_P_Level1.csv
180_2018_09_12.csv,180,2018,09,12,csv,Yes,2023-06-25,2018-09-12,8.995,NA,NA,NA,982.3964102564103,-0.01,-0.011666666666666667,366,366,260,180_2018_09_12_Level1.csv
181_2018_06_20_P.csv,181,2018,06,20,P,Yes,2023-06-25,2018-06-20,10.753,NA,NA,NA,970.7433333333333,0.09,0.095,210,210,160,181_2018_06_20_P_Level1.csv
181_2018_07_18_P.csv,181,2018,07,18,P,Yes,2023-06-25,2018-07-18,10.847,NA,NA,NA,977.969430894309,0.04,0.04,228,228,205,181_2018_07_18_P_Level1.csv
181_2018_08_08_P.csv,181,2018,08,08,P,Yes,2023-06-25,2018-08-08,10.770166666666666,NA,NA,NA,978.1429738562092,0.17,0.17152777777777778,1792,150,136,181_2018_08_08_P_Level1.csv
181_2018_09_12.csv,181,2018,09,12,csv,Yes,2023-06-25,2018-09-12,10.344,40.35559117647059,-94.77834221719456,319.0633484162896,981.0479638009049,2.05,2.21,290,290,221,181_2018_09_12_Level1.csv
182_2018_05_30_P.csv,182,2018,05,30,P,Yes,2023-06-25,2018-05-30,8.757,NA,NA,NA,980.4949891067538,0.25,0.25666666666666665,220,220,153,182_2018_05_30_P_Level1.csv
182_2018_06_19_P.csv,182,2018,06,19,P,Yes,2023-06-25,2018-06-19,8.656,NA,NA,NA,989.0103286384976,0.25,0.25,171,171,142,182_2018_06_19_P_Level1.csv
182_2018_07_17_P.csv,182,2018,07,17,P,Yes,2023-06-25,2018-07-17,8.17,NA,NA,NA,995.2566210045662,0.13,0.13,183,183,146,182_2018_07_17_P_Level1.csv
182_2018_08_07_P.csv,182,2018,08,07,P,Yes,2023-06-25,2018-08-07,8.152083333333334,NA,NA,NA,991.9210084033614,0.27,0.2754166666666667,1595,134,119,182_2018_08_07_P_Level1.csv
183_2018_06_13_P.csv,183,2018,06,13,P,Yes,2023-06-25,2018-06-13,6.054,NA,NA,NA,989.7844444444444,0.16,0.16333333333333333,390,390,60,183_2018_06_13_P_Level1.csv
183_2018_07_06_P.csv,183,2018,07,06,P,Yes,2023-06-25,2018-07-06,3.255,NA,NA,NA,999.455,0.03,0.03,158,158,80,183_2018_07_06_P_Level1.csv
183_2018_07_11_P.csv,183,2018,07,11,P,Yes,2023-06-25,2018-07-11,3.703,NA,NA,NA,990.6837606837606,0.17,0.17,98,98,78,183_2018_07_11_P_Level1.csv
183_2018_08_01_P.csv,183,2018,08,01,P,Yes,2023-06-25,2018-08-01,3.5524999999999998,NA,NA,NA,989.7928315412186,0.25,0.25527777777777777,841,71,62,183_2018_08_01_P_Level1.csv
184_2018_05_21_P.csv,184,2018,05,21,P,Yes,2023-06-25,2018-05-21,6.947,NA,NA,NA,985.6743718592965,0.05,0.056666666666666664,232,232,199,184_2018_05_21_P_Level1.csv
184_2018_06_11_P.csv,184,2018,06,11,P,Yes,2023-06-25,2018-06-11,6.019,NA,NA,NA,978.7764705882354,0.06,0.06,145,145,119,184_2018_06_11_P_Level1.csv
184_2018_07_09_P.csv,184,2018,07,09,P,Yes,2023-06-25,2018-07-09,5.89,NA,NA,NA,991.7895316804407,0.08,0.08,142,142,121,184_2018_07_09_P_Level1.csv
184_2018_07_30_P.csv,184,2018,07,30,P,Yes,2023-06-25,2018-07-30,6.447,NA,NA,NA,986.2846075433232,0.22,0.22,1441,121,109,184_2018_07_30_P_Level1.csv
185_2018_06_20_P.csv,185,2018,06,20,P,Yes,2023-06-25,2018-06-20,6.13,NA,NA,NA,973.6558823529411,0.14,0.14,157,157,136,185_2018_06_20_P_Level1.csv
185_2018_07_18_P.csv,185,2018,07,18,P,Yes,2023-06-25,2018-07-18,6.158,NA,NA,NA,982.2783068783069,0.08,0.08,158,158,126,185_2018_07_18_P_Level1.csv
185_2018_08_08.csv,185,2018,08,08,csv,Yes,2023-06-25,2018-08-08,6.2415,40.39861349358974,-94.08650370726495,289.0417735042735,981.8501424501425,0.18,0.18638888888888888,1089,92,78,185_2018_08_08_Level1.csv
185_2018_08_08_P.csv,185,2018,08,08,P,Yes,2023-06-25,2018-08-08,6.226083333333333,NA,NA,NA,981.8496124031008,0.18,0.18666666666666668,1277,107,86,185_2018_08_08_P_Level1.csv
185_2018_09_11_P.csv,185,2018,09,11,P,Yes,2023-06-25,2018-09-11,5.702083333333333,40.374045539215686,-93.97164524509805,287.39607843137253,981.7021241830065,2.43,2.362638888888889,4811,402,136,185_2018_09_11_P_Level1.csv
186_2018_06_05_P.csv,186,2018,06,05,P,Yes,2023-06-25,2018-06-05,2.861,NA,NA,NA,978.3133333333334,5,5.033333333333333,111,111,80,186_2018_06_05_P_Level1.csv
186_2018_07_24_P.csv,186,2018,07,24,P,Yes,2023-06-25,2018-07-24,2.78,NA,NA,NA,980.6702222222222,0.3,0.30833333333333335,103,103,75,186_2018_07_24_P_Level1.csv
186_2018_08_14.csv,186,2018,08,14,csv,Yes,2023-06-25,2018-08-14,2.9821666666666666,NA,NA,NA,979.4350877192983,0.22,0.22611111111111112,831,71,57,186_2018_08_14_Level1.csv
186_2018_09_30.csv,186,2018,09,30,csv,Yes,2023-06-25,2018-09-30,3.674,37.73016428571429,-90.63492014285714,310.1642857142857,985.1066666666666,2.82,2.8433333333333333,122,122,70,186_2018_09_30_Level1.csv
194_2018_05_23.csv,194,2018,05,23,csv,Yes,2023-06-25,2018-05-23,6.708,NA,NA,NA,982.8054054054054,0.39,0.39166666666666666,214,214,148,194_2018_05_23_Level1.csv
194_2018_06_13.csv,194,2018,06,13,csv,Yes,2023-06-25,2018-06-13,6.2,NA,NA,NA,981.2708333333334,0.56,0.585,119,119,96,194_2018_06_13_Level1.csv
194_2018_07_11.csv,194,2018,07,11,csv,Yes,2023-06-25,2018-07-11,7.129,NA,NA,NA,981.8590163934426,0.12,0.125,146,146,122,194_2018_07_11_Level1.csv
194_2018_08_01.csv,194,2018,08,01,csv,Yes,2023-06-25,2018-08-01,7.17675,NA,NA,NA,980.6618803418803,0.2,0.2,1720,145,130,194_2018_08_01_Level1.csv
198_2018_05_23.csv,198,2018,05,23,csv,Yes,2023-06-25,2018-05-23,2.296,NA,NA,NA,991.1059829059828,0.16,0.165,115,115,78,198_2018_05_23_Level1.csv
198_2018_06_13.csv,198,2018,06,13,csv,Yes,2023-06-25,2018-06-13,2.727,NA,NA,NA,990.432183908046,0.29,0.3,78,78,58,198_2018_06_13_Level1.csv
198_2018_07_11.csv,198,2018,07,11,csv,Yes,2023-06-25,2018-07-11,2.291,NA,NA,NA,990.9777777777778,0.24,0.24,78,78,57,198_2018_07_11_Level1.csv
198_2018_08_01.csv,198,2018,08,01,csv,Yes,2023-06-25,2018-08-01,2.4471666666666665,NA,NA,NA,990.1618448637316,0.23,0.24430555555555555,798,67,53,198_2018_08_01_Level1.csv
202_2018_05_29.csv,202,2018,05,29,csv,Yes,2023-06-25,2018-05-29,8.371,NA,NA,NA,984.1162861491629,0.1,0.1,270,270,219,202_2018_05_29_Level1.csv
202_2018_06_18.csv,202,2018,06,18,csv,Yes,2023-06-25,2018-06-18,7.243,NA,NA,NA,990.2692556634305,0.2,0.20333333333333334,127,127,103,202_2018_06_18_Level1.csv
202_2018_07_16.csv,202,2018,07,16,csv,Yes,2023-06-25,2018-07-16,8.032,NA,NA,NA,988.2743801652894,0.17,0.17833333333333334,147,147,121,202_2018_07_16_Level1.csv
202_2018_08_06.csv,202,2018,08,06,csv,Yes,2023-06-25,2018-08-06,7.80225,NA,NA,NA,990.2672955974843,0.26,0.26319444444444445,1410,118,106,202_2018_08_06_Level1.csv
219_2018_05_31.csv,219,2018,05,31,csv,Yes,2023-06-25,2018-05-31,3.821,NA,NA,NA,981.362962962963,0.39,0.415,116,116,54,219_2018_05_31_Level1.csv
219_2018_06_28.csv,219,2018,06,28,csv,Yes,2023-06-25,2018-06-28,4.025,NA,NA,NA,984.06735395189,0.14,0.14,188,188,97,219_2018_06_28_Level1.csv
219_2018_08_01.csv,219,2018,08,01,csv,Yes,2023-06-25,2018-08-01,3.282,NA,NA,NA,993.8723809523809,0.03,0.04,304,304,70,219_2018_08_01_Level1.csv
223_2018_05_30.csv,223,2018,05,30,csv,Yes,2023-06-25,2018-05-30,3.886,NA,NA,NA,976.2898550724639,0.11,0.11,114,114,92,223_2018_05_30_Level1.csv
223_2018_06_19.csv,223,2018,06,19,csv,Yes,2023-06-25,2018-06-19,3.966,NA,NA,NA,985.6225108225108,0.14,0.14166666666666666,106,106,77,223_2018_06_19_Level1.csv
223_2018_07_17.csv,223,2018,07,17,csv,Yes,2023-06-25,2018-07-17,3.262,NA,NA,NA,989.696803652968,0.17,0.17,97,97,73,223_2018_07_17_Level1.csv
223_2018_08_07.csv,223,2018,08,07,csv,Yes,2023-06-25,2018-08-07,3.7165833333333333,NA,NA,NA,987.086703096539,0.27,0.27347222222222223,909,76,61,223_2018_08_07_Level1.csv
236_2018_06_06.csv,236,2018,06,06,csv,Yes,2023-06-25,2018-06-06,2.986,NA,NA,NA,981.0054421768707,0.19,0.19833333333333333,126,126,98,236_2018_06_06_Level1.csv
236_2018_06_27.csv,236,2018,06,27,csv,Yes,2023-06-25,2018-06-27,3.234,NA,NA,NA,980.2265060240965,0.18,0.18833333333333332,121,121,83,236_2018_06_27_Level1.csv
236_2018_07_25.csv,236,2018,07,25,csv,Yes,2023-06-25,2018-07-25,3.052,NA,NA,NA,987.1071729957805,0.32,0.33333333333333337,116,116,79,236_2018_07_25_Level1.csv
236_2018_08_15.csv,236,2018,08,15,csv,Yes,2023-06-25,2018-08-15,3.2006666666666668,NA,NA,NA,981.929411764706,0.42,0.45402777777777775,719,61,51,236_2018_08_15_Level1.csv
240_2018_06_06.csv,240,2018,06,06,csv,Yes,2023-06-25,2018-06-06,6.094,NA,NA,NA,983.8207282913165,2.47,2.5033333333333334,139,139,119,240_2018_06_06_Level1.csv
240_2018_06_27.csv,240,2018,06,27,csv,Yes,2023-06-25,2018-06-27,8.716,NA,NA,NA,982.6307426597582,0.09,0.09666666666666666,258,258,193,240_2018_06_27_Level1.csv
240_2018_07_25.csv,240,2018,07,25,csv,Yes,2023-06-25,2018-07-25,10.865,NA,NA,NA,989.7219430485761,0.18,0.18,227,227,199,240_2018_07_25_Level1.csv
240_2018_08_15.csv,240,2018,08,15,csv,Yes,2023-06-25,2018-08-15,10.846666666666666,NA,NA,NA,984.2508158508159,0.1,0.10125,1807,152,143,240_2018_08_15_Level1.csv
243_2018_05_22.csv,243,2018,05,22,csv,Yes,2023-06-25,2018-05-22,1.815,NA,NA,NA,983.4309523809524,1.06,1.0766666666666667,96,96,56,243_2018_05_22_Level1.csv
243_2018_06_12.csv,243,2018,06,12,csv,Yes,2023-06-25,2018-06-12,1.933,NA,NA,NA,978.8289855072464,5.18,5.168333333333333,77,77,46,243_2018_06_12_Level1.csv
243_2018_07_10.csv,243,2018,07,10,csv,Yes,2023-06-25,2018-07-10,1.832,NA,NA,NA,986.6311111111111,0.98,1.0033333333333334,75,75,45,243_2018_07_10_Level1.csv
243_2018_07_31.csv,243,2018,07,31,csv,Yes,2023-06-25,2018-07-31,1.6656666666666666,NA,NA,NA,984.2194444444445,0.542,0.63075,575,49,32,243_2018_07_31_Level1.csv
248_2018_05_16.csv,248,2018,05,16,csv,Yes,2023-06-25,2018-05-16,5.817,NA,NA,NA,982.7844155844156,8.44,7.531666666666666,96,96,77,248_2018_05_16_Level1.csv
248_2018_06_11.csv,248,2018,06,11,csv,Yes,2023-06-25,2018-06-11,4.488,NA,NA,NA,980.6222222222221,0.13,0.14166666666666666,159,159,105,248_2018_06_11_Level1.csv
248_2018_07_09.csv,248,2018,07,09,csv,Yes,2023-06-25,2018-07-09,5.475,NA,NA,NA,993.4215223097113,0.15,0.15333333333333332,145,145,127,248_2018_07_09_Level1.csv
248_2018_07_30.csv,248,2018,07,30,csv,Yes,2023-06-25,2018-07-30,5.501333333333333,NA,NA,NA,987.661918328585,0.2,0.20236111111111113,1560,131,117,248_2018_07_30_Level1.csv
250_2018_05_30.csv,250,2018,05,30,csv,Yes,2023-06-25,2018-05-30,6.936,NA,NA,NA,973.3324840764332,0.19,0.19,180,180,157,250_2018_05_30_Level1.csv
250_2018_06_19.csv,250,2018,06,19,csv,Yes,2023-06-25,2018-06-19,6.74,NA,NA,NA,982.368044077135,0.18,0.18166666666666667,151,151,121,250_2018_06_19_Level1.csv
250_2018_07_17.csv,250,2018,07,17,csv,Yes,2023-06-25,2018-07-17,6.609,NA,NA,NA,986.638418079096,0.41,0.435,137,137,118,250_2018_07_17_Level1.csv
250_2018_08_07.csv,250,2018,08,07,csv,Yes,2023-06-25,2018-08-07,6.744583333333333,NA,NA,NA,983.0584192439862,0.23,0.23,1275,108,97,250_2018_08_07_Level1.csv
251_2018_05_31.csv,251,2018,05,31,csv,Yes,2023-06-25,2018-05-31,5.823,NA,NA,NA,975.6828828828828,0.31,0.325,142,142,111,251_2018_05_31_Level1.csv
251_2018_06_20.csv,251,2018,06,20,csv,Yes,2023-06-25,2018-06-20,6.294,NA,NA,NA,977.8822510822511,0.21,0.21333333333333332,178,178,154,251_2018_06_20_Level1.csv
251_2018_07_18.csv,251,2018,07,18,csv,Yes,2023-06-25,2018-07-18,5.884,NA,NA,NA,985.4553535353535,0.1,0.10500000000000001,186,186,165,251_2018_07_18_Level1.csv
251_2018_08_08.csv,251,2018,08,08,csv,Yes,2023-06-25,2018-08-08,5.5675,NA,NA,NA,982.8070175438597,0.29,0.29,1059,90,76,251_2018_08_08_Level1.csv
258_2018_05_16.csv,258,2018,05,16,csv,Yes,2023-06-25,2018-05-16,5.144,NA,NA,NA,987.8083333333333,0.29,0.3233333333333333,116,116,96,258_2018_05_16_Level1.csv
258_2018_06_11.csv,258,2018,06,11,csv,Yes,2023-06-25,2018-06-11,4.727,NA,NA,NA,983.8483870967742,3.9,3.81,147,147,124,258_2018_06_11_Level1.csv
258_2018_07_09.csv,258,2018,07,09,csv,Yes,2023-06-25,2018-07-09,5.063,NA,NA,NA,997.8335999999999,0.12,0.12666666666666668,139,139,125,258_2018_07_09_Level1.csv
258_2018_07_30.csv,258,2018,07,30,csv,Yes,2023-06-25,2018-07-30,4.9455,NA,NA,NA,992.7121951219513,0.26,0.26625,1125,95,82,258_2018_07_30_Level1.csv
261_2018_05_22.csv,261,2018,05,22,csv,Yes,2023-06-25,2018-05-22,3.399,NA,NA,NA,984.7954022988506,0.99,0.98,202,202,58,261_2018_05_22_Level1.csv
261_2018_06_12.csv,261,2018,06,12,csv,Yes,2023-06-25,2018-06-12,3.624,NA,NA,NA,981.8723004694835,0.37,0.4766666666666667,96,96,71,261_2018_06_12_Level1.csv
261_2018_07_10.csv,261,2018,07,10,csv,Yes,2023-06-25,2018-07-10,3.674,NA,NA,NA,987.2515151515152,0.29,0.29,105,105,88,261_2018_07_10_Level1.csv
261_2018_07_31.csv,261,2018,07,31,csv,Yes,2023-06-25,2018-07-31,3.4775,NA,NA,NA,986.1758573388204,3.63,3.6768055555555557,1243,105,81,261_2018_07_31_Level1.csv
266_2018_05_22.csv,266,2018,05,22,csv,Yes,2023-06-25,2018-05-22,3.342,NA,NA,NA,982.9899371069182,0.42,0.455,126,126,106,266_2018_05_22_Level1.csv
266_2018_06_12.csv,266,2018,06,12,csv,Yes,2023-06-25,2018-06-12,3.459,NA,NA,NA,979.7846153846153,0.38,0.42333333333333334,80,80,65,266_2018_06_12_Level1.csv
266_2018_07_10.csv,266,2018,07,10,csv,Yes,2023-06-25,2018-07-10,3.542,NA,NA,NA,985.0826666666666,0.21,0.21833333333333332,88,88,75,266_2018_07_10_Level1.csv
266_2018_07_31.csv,266,2018,07,31,csv,Yes,2023-06-25,2018-07-31,3.45575,NA,NA,NA,984.246875,3.1,3.0637499999999998,888,75,64,266_2018_07_31_Level1.csv
267_2018_05_21.csv,267,2018,05,21,csv,Yes,2023-06-25,2018-05-21,3.067,NA,NA,NA,991.1763888888888,7.12,7.12,122,122,96,267_2018_05_21_Level1.csv
267_2018_06_11.csv,267,2018,06,11,csv,Yes,2023-06-25,2018-06-11,2.661,NA,NA,NA,982.2907407407408,2.59,2.6266666666666665,92,92,72,267_2018_06_11_Level1.csv
267_2018_07_09.csv,267,2018,07,09,csv,Yes,2023-06-25,2018-07-09,2.633,NA,NA,NA,995.7333333333332,4.1,4.126666666666667,81,81,56,267_2018_07_09_Level1.csv
267_2018_07_30.csv,267,2018,07,30,csv,Yes,2023-06-25,2018-07-30,2.5578333333333334,NA,NA,NA,991.3238095238095,5.654,5.663583333333333,831,70,56,267_2018_07_30_Level1.csv
269_2018_06_05.csv,269,2018,06,05,csv,Yes,2023-06-25,2018-06-05,6.602,NA,NA,NA,979.7991561181434,0.09,0.09,189,189,158,269_2018_06_05_Level1.csv
269_2018_06_26.csv,269,2018,06,26,csv,Yes,2023-06-25,2018-06-26,5.682,NA,NA,NA,981.8292237442922,0.12,0.12,185,185,146,269_2018_06_26_Level1.csv
269_2018_07_24.csv,269,2018,07,24,csv,Yes,2023-06-25,2018-07-24,5.994,NA,NA,NA,982.171144278607,0.21,0.21333333333333332,152,152,134,269_2018_07_24_Level1.csv
269_2018_08_14.csv,269,2018,08,14,csv,Yes,2023-06-25,2018-08-14,4.792416666666667,NA,NA,NA,981.056277056277,0.15,0.15583333333333332,1113,94,77,269_2018_08_14_Level1.csv
