merged_ProfileID,sampleID
105-2017-06-01,58497
105-2017-06-01,58498
105-2017-07-12,58688
105-2017-06-01,60634
107-2017-05-17,58411
117-2017-06-29,58654
183-2017-08-23,58915
183-2017-08-23,61044
219-2017-06-09,58897
219-2017-06-30,58899
219-2017-07-21,58901
219-2017-08-11,58933
219-2017-06-09,63008
219-2017-06-16,63009
219-2017-06-30,63010
219-2017-07-21,63011
219-2017-08-11,63012
219-2017-09-11,63013
219-2017-10-17,63014
219-2017-10-30,63015
219-2017-11-16,63016
219-2017-12-14,63017
219-2018-09-12,58386
219-2018-02-15,63018
219-2018-03-08,63019
219-2018-03-20,63020
219-2018-04-05,63021
219-2018-04-19,63022
219-2018-05-04,63023
219-2018-05-17,63024
219-2018-06-14,63026
219-2018-07-12,63028
219-2018-07-27,63029
219-2018-08-10,63030
219-2018-09-07,63031
219-2018-09-21,63032
219-2018-10-05,63033
219-2018-10-19,63034
219-2018-11-02,63035
219-2018-11-19,63036
219-2018-11-30,63037
219-2018-12-17,63038
094-2018-08-14,60415
094-2018-08-14,60414
094-2018-08-14,60416
094-2018-08-14,60417
094-2018-08-14,60419
094-2018-08-14,60418
005-2019-06-29,58949
005-2019-09-19,58956
005-2019-09-19,58957
013-2019-06-26,58960
018-2019-07-02,58985
039-2019-07-02,59031
042-2019-06-29,59035
048-2019-09-10,59048
048-2019-09-18,59050
057-2019-09-18,59058
070-2019-06-24,59073
074-2019-09-11,59093
087-2019-09-10,59101
087-2019-09-18,59103
092-2019-09-12,59111
093-2019-06-25,59115
094-2019-04-23,60309
094-2019-05-15,60316
094-2019-06-25,60319
094-2019-08-15,60322
096-2019-06-26,59125
098-2019-06-25,59133
107-2019-07-01,59142
108-2019-07-01,59151
110-2019-07-01,59160
114-2019-09-18,59185
115-2019-09-19,59195
117-2019-09-24,59206
118-2019-06-24,59210
118-2019-09-11,59214
121-2019-06-24,59218
121-2019-09-12,59222
133-2019-09-18,59230
150-2019-06-24,59263
162-2019-06-24,59269
162-2019-09-11,59275
179-2019-09-10,59283
180-2019-05-30,59285
181-2019-09-10,59299
182-2019-09-19,59307
183-2019-06-24,59311
183-2019-09-12,59315
184-2019-06-27,59318
185-2019-05-30,59327
185-2019-05-30,59328
185-2019-09-10,59334
186-2019-07-02,59336
186-2019-09-24,59342
219-2019-07-12,59357
219-2019-07-12,59358
219-2019-07-12,59359
219-2019-01-17,63039
219-2019-02-08,63040
219-2019-02-21,63041
219-2019-03-13,63042
219-2019-03-25,63043
219-2019-04-08,63044
219-2019-04-25,63045
219-2019-05-06,63046
219-2019-05-17,63047
219-2019-06-28,63050
219-2019-07-12,63051
219-2019-07-25,63052
219-2019-08-30,63054
219-2019-09-13,63055
219-2019-09-27,63056
219-2019-10-10,63057
219-2019-10-25,63058
219-2019-11-15,63059
219-2019-11-26,63060
219-2019-12-06,63061
219-2019-12-20,63062
223-2019-09-18,59369
223-2019-09-18,59370
232-2019-06-29,59372
241-2019-06-27,59388
248-2019-06-27,59397
258-2019-06-26,59408
267-2019-06-26,59420
267-2019-06-26,59421
423-2019-09-24,59441
432-2019-06-25,59445
433-2019-06-25,59453
094-2019-04-23,60335
094-2019-04-23,60340
094-2019-04-23,60345
094-2019-04-23,60325
094-2020-06-25,61239
094-2020-07-28,61242
094-2020-08-25,61245
094-2020-10-06,61247
094-2020-11-05,61250
401-2020-07-23,61570
401-2020-07-31,61571
401-2020-08-07,61572
401-2020-08-21,61573
401-2020-09-10,61574
401-2020-09-17,61575
401-2020-09-19,61576
094-2020-06-25,61253
094-2020-07-27,61255
094-2020-08-25,61258
094-2020-10-06,61261
094-2020-11-04,61263
094-2020-06-26,61265
094-2020-07-27,61267
094-2020-08-24,61269
094-2020-10-05,61271
094-2020-11-04,61273
094-2020-06-26,61275
094-2020-07-27,61278
094-2020-08-24,61281
094-2020-10-05,61283
094-2020-11-04,61285
094-2020-06-26,61287
094-2020-07-27,61289
094-2020-08-24,61291
094-2020-10-05,61293
094-2020-11-04,61295
094-2020-06-26,61296
094-2020-07-28,61297
094-2020-08-24,61298
094-2020-10-05,61299
094-2020-11-04,61300
094-2020-06-25,61301
094-2020-10-06,61302
094-2020-11-04,61303
043-2021-08-31,63559
044-2021-08-31,63556
045-2021-08-26,63550
046-2021-08-26,63548
072-2021-09-08,63573
074-2021-09-08,63570
089-2021-09-13,63578
089-2021-09-23,63582
091-2021-07-07,63341
092-2021-08-05,63500
119-2021-08-26,63552
145-2021-08-24,63544
149-2021-09-13,63576
149-2021-09-23,63580
165-2021-09-07,63564
168-2021-09-07,63566
170-2021-06-14,63222
170-2021-07-06,63331
170-2021-08-03,63482
170-2021-09-07,63568
179-2021-09-29,63587
181-2021-09-29,63585
184-2021-08-05,63502
219-2021-08-31,63554
276-2021-09-02,63562
401-2021-07-28,63437
401-2021-07-29,63441
401-2021-08-19,63540
401-2021-08-24,63547
401-2021-09-02,63561
401-2021-09-13,63575
032-2022-06-23,64816
165-2022-06-28,64619
165-2022-06-28,64620
168-2022-07-26,64748
184-2022-06-27,64677
401-2022-07-18,64521
401-2022-07-18,64522
401-2022-07-25,64523
401-2022-07-25,64524
401-2022-08-02,64525
401-2022-08-02,64526
401-2022-08-08,64527
401-2022-08-08,64528
401-2022-08-15,64529
401-2022-08-15,64530
