Date,Time,°C,mmHg,DO %,DO mg/L,SPC-uS/cm,pH,NH4-N mg/L,NO3-N mg/L,Cl mg/L,FNU,TSS mg/L,BGA-PC RFU,BGA-PC ug/L,BGA-PE RFU,BGA-PE ug/L,Chl RFU,Chl ug/L,fDOM RFU,fDOM QSU,DEP m
5/30/2018,11:57:51,29.365,734.7,109.3,8.35,164.7,8.4,,,,1.7,0,-0.505,-0.5,,,0.781,2.81,,,0
5/30/2018,11:57:53,29.388,734.7,111.5,8.51,164.7,8.43,,,,1.55,0,-0.408,-0.41,,,0.709,2.56,,,0.002
5/30/2018,11:57:55,29.407,734.7,113.1,8.64,164.6,8.44,,,,1.45,0,-0.374,-0.37,,,0.61,2.21,,,0.006
5/30/2018,11:57:57,29.414,734.7,114.2,8.71,164.7,8.45,,,,1.39,0,-0.363,-0.36,,,0.588,2.14,,,0.01
5/30/2018,11:57:59,29.416,734.7,114.9,8.77,164.8,8.45,,,,1.35,0,-0.372,-0.37,,,0.568,2.07,,,0.015
5/30/2018,11:58:01,29.423,734.7,115.6,8.82,164.7,8.46,,,,1.31,0,-0.368,-0.37,,,0.586,2.13,,,0.02
5/30/2018,11:58:03,29.428,734.7,116.1,8.86,164.7,8.46,,,,1.25,0,-0.373,-0.37,,,0.599,2.17,,,0.026
5/30/2018,11:58:05,29.435,734.8,116.8,8.91,164.7,8.47,,,,1.19,0,-0.369,-0.37,,,0.616,2.23,,,0.031
5/30/2018,11:58:07,29.443,734.7,117.7,8.98,164.7,8.47,,,,1.13,0,-0.375,-0.37,,,0.639,2.32,,,0.037
5/30/2018,11:58:09,29.446,734.7,118.4,9.03,164.7,8.47,,,,1.11,0,-0.379,-0.38,,,0.668,2.42,,,0.043
5/30/2018,11:58:11,29.453,734.7,118.9,9.07,164.7,8.48,,,,1.11,0,-0.393,-0.39,,,0.673,2.43,,,0.049
5/30/2018,11:58:13,29.461,734.7,119.2,9.09,164.7,8.48,,,,1.09,0,-0.401,-0.4,,,0.667,2.41,,,0.06
5/30/2018,11:58:15,29.466,734.6,119.5,9.11,164.8,8.49,,,,1.1,0,-0.4,-0.4,,,0.654,2.37,,,0.078
5/30/2018,11:58:17,29.469,734.8,119.7,9.13,164.8,8.49,,,,1.11,0,-0.395,-0.39,,,0.653,2.36,,,0.102
5/30/2018,11:58:19,29.47,734.7,119.9,9.15,164.9,8.49,,,,1.11,0,-0.401,-0.4,,,0.646,2.34,,,0.13
5/30/2018,11:58:21,29.47,734.7,120.2,9.16,165,8.5,,,,1.14,0,-0.402,-0.4,,,0.652,2.36,,,0.166
5/30/2018,11:58:23,29.47,734.7,120.3,9.18,165,8.5,,,,1.13,0,-0.412,-0.41,,,0.665,2.41,,,0.206
5/30/2018,11:58:25,29.465,734.7,120.4,9.18,165,8.5,,,,1.13,0,-0.411,-0.41,,,0.692,2.5,,,0.253
5/30/2018,11:58:27,29.457,734.7,120.5,9.19,165,8.5,,,,1.14,0,-0.42,-0.42,,,0.716,2.58,,,0.3
5/30/2018,11:58:29,29.449,734.8,120.6,9.2,165,8.5,,,,1.14,0,-0.419,-0.42,,,0.727,2.62,,,0.356
5/30/2018,11:58:31,29.441,734.7,120.7,9.21,165,8.51,,,,1.13,0,-0.412,-0.41,,,0.73,2.63,,,1.08
5/30/2018,11:58:33,29.434,734.7,120.7,9.21,165,8.51,,,,1.14,0,-0.402,-0.4,,,0.748,2.7,,,1.085
5/30/2018,11:58:35,29.425,734.7,120.7,9.21,165,8.51,,,,1.1,0,-0.395,-0.39,,,0.747,2.69,,,1.089
5/30/2018,11:58:37,29.42,734.8,120.8,9.22,165,8.52,,,,1.1,0,-0.399,-0.4,,,0.76,2.74,,,1.089
5/30/2018,11:58:39,29.415,734.7,120.8,9.22,165,8.52,,,,1.11,0,-0.389,-0.39,,,0.744,2.68,,,1.093
5/30/2018,11:58:41,29.413,734.7,120.9,9.23,165,8.53,,,,1.09,0,-0.39,-0.39,,,0.756,2.72,,,1.1
5/30/2018,11:58:43,29.411,734.7,120.9,9.23,165,8.54,,,,1.07,0,-0.388,-0.39,,,0.753,2.71,,,1.113
5/30/2018,11:58:45,29.41,734.7,121,9.24,165,8.54,,,,1.06,0,-0.366,-0.37,,,0.772,2.78,,,1.128
5/30/2018,11:58:47,29.409,734.7,121,9.24,165,8.55,,,,1.06,0,-0.351,-0.35,,,0.781,2.81,,,1.145
5/30/2018,11:58:49,29.408,734.8,121.1,9.24,165,8.55,,,,1.08,0,-0.355,-0.36,,,0.785,2.83,,,1.161
5/30/2018,11:58:51,29.406,734.7,121.1,9.24,165,8.56,,,,1.08,0,-0.346,-0.35,,,0.808,2.91,,,1.178
5/30/2018,11:58:53,29.403,734.7,121.1,9.24,165,8.57,,,,1.08,0,-0.354,-0.35,,,0.855,3.07,,,1.191
5/30/2018,11:58:55,29.399,734.8,121.1,9.24,165,8.57,,,,1.07,0,-0.356,-0.36,,,0.861,3.09,,,1.208
5/30/2018,11:58:57,29.394,734.7,121,9.24,165.1,8.58,,,,1.09,0,-0.362,-0.36,,,0.837,3.01,,,1.224
5/30/2018,11:58:59,29.39,734.9,121.1,9.24,165.1,8.58,,,,1.09,0,-0.366,-0.37,,,0.872,3.13,,,1.243
5/30/2018,11:59:01,29.382,734.7,121.1,9.25,165.1,8.58,,,,1.07,0,-0.356,-0.36,,,0.884,3.17,,,1.259
5/30/2018,11:59:03,29.371,734.7,121.1,9.25,165.1,8.59,,,,1.04,0,-0.356,-0.36,,,0.891,3.2,,,1.276
5/30/2018,11:59:05,29.352,734.8,121,9.25,165.1,8.59,,,,1.04,0,-0.362,-0.36,,,0.932,3.34,,,1.291
5/30/2018,11:59:07,29.303,734.8,121,9.25,165.2,8.59,,,,1.07,0,-0.374,-0.37,,,0.986,3.53,,,1.308
5/30/2018,11:59:09,29.238,734.7,120.9,9.25,165.3,8.6,,,,1.05,0,-0.364,-0.36,,,1.028,3.67,,,1.323
5/30/2018,11:59:11,29.166,734.8,120.7,9.25,165.4,8.6,,,,1.08,0,-0.378,-0.38,,,1.073,3.83,,,1.342
5/30/2018,11:59:13,29.099,734.7,120.6,9.25,165.4,8.6,,,,1.09,0,-0.37,-0.37,,,1.111,3.96,,,1.376
5/30/2018,11:59:15,29.015,734.6,120.5,9.26,165.4,8.61,,,,1.13,0,-0.366,-0.37,,,1.125,4.02,,,1.408
5/30/2018,11:59:17,28.928,734.7,120.3,9.26,165.5,8.61,,,,1.16,0,-0.358,-0.36,,,1.103,3.94,,,1.444
5/30/2018,11:59:19,28.854,734.8,120.3,9.27,165.4,8.61,,,,1.16,0,-0.353,-0.35,,,1.102,3.94,,,1.476
5/30/2018,11:59:21,28.795,734.8,120.2,9.27,165.4,8.61,,,,1.18,0,-0.341,-0.34,,,1.074,3.84,,,1.513
5/30/2018,11:59:23,28.741,734.7,120.2,9.28,165.3,8.61,,,,1.19,0,-0.351,-0.35,,,1.078,3.85,,,1.545
5/30/2018,11:59:25,28.688,734.7,120.2,9.29,165.3,8.61,,,,1.18,0,-0.335,-0.34,,,1.042,3.72,,,1.58
5/30/2018,11:59:27,28.643,734.7,120.1,9.29,165.2,8.62,,,,1.18,0,-0.332,-0.33,,,1.063,3.8,,,1.611
5/30/2018,11:59:29,28.609,734.7,120,9.29,165.2,8.62,,,,1.18,0,-0.331,-0.33,,,1.095,3.91,,,1.647
5/30/2018,11:59:31,28.576,734.8,119.9,9.29,165.1,8.62,,,,1.17,0,-0.325,-0.33,,,1.103,3.94,,,1.682
5/30/2018,11:59:33,28.542,734.6,119.8,9.28,165.2,8.62,,,,1.21,0,-0.317,-0.32,,,1.133,4.04,,,1.72
5/30/2018,11:59:35,28.462,734.7,119.5,9.27,165.3,8.62,,,,1.23,0,-0.308,-0.31,,,1.156,4.12,,,1.756
5/30/2018,11:59:37,28.377,734.8,119.1,9.25,165.5,8.61,,,,1.3,0,-0.301,-0.3,,,1.225,4.36,,,1.795
5/30/2018,11:59:39,28.285,734.7,118.6,9.23,165.7,8.61,,,,1.31,0,-0.299,-0.3,,,1.259,4.48,,,1.831
5/30/2018,11:59:41,28.153,734.7,118.1,9.21,165.9,8.6,,,,1.37,0,-0.283,-0.28,,,1.277,4.55,,,1.87
5/30/2018,11:59:43,28.006,734.8,117.6,9.19,166.2,8.6,,,,1.4,0,-0.279,-0.28,,,1.357,4.83,,,1.906
5/30/2018,11:59:45,27.862,734.8,117.1,9.18,166.4,8.59,,,,1.42,0,-0.252,-0.25,,,1.412,5.02,,,1.943
5/30/2018,11:59:47,27.651,734.6,116.5,9.16,166.7,8.44,,,,1.49,0,-0.229,-0.23,,,1.487,5.28,,,1.984
5/30/2018,11:59:49,26.479,734.6,116,9.34,170.1,8.41,,,,1.53,0,-0.212,-0.21,,,1.603,5.69,,,2.019
5/30/2018,11:59:51,26.967,734.7,110.4,8.8,168.2,8.39,,,,1.58,0,-0.184,-0.18,,,1.751,6.2,,,2.058
5/30/2018,11:59:53,26.404,734.7,108.3,8.69,169.4,8.37,,,,1.67,0,-0.151,-0.15,,,1.868,6.61,,,2.093
5/30/2018,11:59:55,26.033,734.7,107.2,8.68,169.8,8.35,,,,1.74,0,-0.125,-0.12,,,1.982,7.01,,,2.132
5/30/2018,11:59:57,25.885,734.7,106.8,8.68,169.3,8.33,,,,1.84,0,-0.096,-0.1,,,2.091,7.39,,,2.166
5/30/2018,11:59:59,25.787,734.7,106.2,8.64,168.8,8.32,,,,1.94,0,-0.057,-0.06,,,2.164,7.65,,,2.203
5/30/2018,12:00:01,25.71,734.7,105.6,8.61,168.2,8.18,,,,2.04,0,-0.024,-0.02,,,2.272,8.03,,,2.239
5/30/2018,12:00:03,25.65,734.8,105.2,8.59,167.5,8.14,,,,2.09,0,0.003,0,,,2.307,8.15,,,2.277
5/30/2018,12:00:05,25.464,734.8,101.6,8.32,167.5,8.12,,,,2.17,0,0.029,0.03,,,2.331,8.23,,,2.311
5/30/2018,12:00:07,25.351,734.7,100.9,8.27,167.4,8.11,,,,2.2,0,0.044,0.04,,,2.364,8.35,,,2.348
5/30/2018,12:00:09,25.241,734.7,100.1,8.23,167.5,8.09,,,,2.23,0,0.067,0.07,,,2.41,8.51,,,2.381
5/30/2018,12:00:11,25.117,734.7,99.5,8.19,167.6,8.08,,,,2.24,0,0.075,0.08,,,2.403,8.48,,,2.415
5/30/2018,12:00:13,24.997,734.7,99.1,8.18,167.7,7.96,,,,2.26,0,0.084,0.08,,,2.425,8.56,,,2.446
5/30/2018,12:00:15,24.857,734.6,98.4,8.14,167.8,7.91,,,,2.29,0,0.079,0.08,,,2.462,8.69,,,2.477
5/30/2018,12:00:17,24.719,734.7,93.8,7.79,167.8,7.88,,,,2.33,0,0.097,0.1,,,2.49,8.79,,,2.514
5/30/2018,12:00:19,24.597,734.7,91.8,7.64,167.8,7.84,,,,2.35,0,0.094,0.09,,,2.524,8.91,,,2.547
5/30/2018,12:00:21,24.47,734.7,90.3,7.53,167.8,7.82,,,,2.39,0,0.107,0.11,,,2.548,8.99,,,2.583
5/30/2018,12:00:23,24.37,734.7,89,7.43,167.7,7.79,,,,2.47,0,0.121,0.12,,,2.618,9.23,,,2.615
5/30/2018,12:00:25,24.275,734.7,83.7,7,167.6,7.77,,,,2.54,0,0.141,0.14,,,2.639,9.31,,,2.65
5/30/2018,12:00:27,24.18,734.7,82.2,6.89,167.5,7.66,,,,2.61,0,0.163,0.16,,,2.643,9.32,,,2.682
5/30/2018,12:00:29,24.082,734.7,80.5,6.76,167.4,7.62,,,,2.65,0,0.19,0.19,,,2.674,9.43,,,2.722
5/30/2018,12:00:31,23.968,734.7,79.2,6.67,167.3,7.61,,,,2.69,0,0.2,0.2,,,2.685,9.47,,,2.757
5/30/2018,12:00:33,23.837,734.7,74.4,6.27,167.3,7.59,,,,2.77,0,0.226,0.23,,,2.708,9.55,,,2.796
5/30/2018,12:00:35,23.706,734.7,72.5,6.13,167.2,7.57,,,,2.81,0,0.245,0.24,,,2.734,9.64,,,2.833
5/30/2018,12:00:37,23.538,734.7,71.4,6.05,167.4,7.55,,,,2.81,0,0.25,0.25,,,2.718,9.58,,,2.875
5/30/2018,12:00:39,23.333,734.7,70,5.96,167.6,7.54,,,,2.84,0,0.261,0.26,,,2.679,9.45,,,2.914
5/30/2018,12:00:41,22.033,734.7,65.3,5.7,171.4,7.53,,,,2.91,0,0.271,0.27,,,2.637,9.3,,,2.953
5/30/2018,12:00:43,21.94,734.7,62.9,5.5,171.1,7.42,,,,2.99,0,0.284,0.28,,,2.589,9.13,,,2.999
5/30/2018,12:00:45,22.065,734.8,61.1,5.33,170.2,7.4,,,,3.04,0,0.274,0.27,,,2.536,8.95,,,3.041
5/30/2018,12:00:47,21.996,734.8,55.8,4.88,170,7.38,,,,3.15,0,0.283,0.28,,,2.557,9.02,,,3.085
5/30/2018,12:00:49,21.821,734.7,52.5,4.6,170,7.36,,,,3.22,0,0.3,0.3,,,2.572,9.07,,,3.125
5/30/2018,12:00:51,21.61,734.7,50.2,4.42,169.9,7.35,,,,3.31,0,0.309,0.31,,,2.608,9.2,,,3.171
5/30/2018,12:00:53,20.332,734.6,48.3,4.37,173.4,7.34,,,,3.47,0,0.304,0.3,,,2.623,9.25,,,3.212
5/30/2018,12:00:55,19.662,734.7,42.2,3.87,174.6,7.32,,,,3.64,0,0.301,0.3,,,2.53,8.93,,,3.26
5/30/2018,12:00:57,19.845,734.7,38,3.46,172.6,7.31,,,,3.82,0,0.301,0.3,,,2.419,8.54,,,3.303
5/30/2018,12:00:59,19.494,734.8,35.4,3.25,172.3,7.3,,,,3.96,0,0.299,0.3,,,2.291,8.09,,,3.35
5/30/2018,12:01:01,19.209,734.7,30.1,2.78,171.8,7.29,,,,4.13,0,0.303,0.3,,,2.223,7.85,,,3.393
5/30/2018,12:01:03,17.596,734.7,27.4,2.6,176.3,7.19,,,,4.29,0,0.311,0.31,,,2.17,7.67,,,3.44
5/30/2018,12:01:05,17.488,734.6,26.4,2.52,175,7.17,,,,4.55,0,0.315,0.31,,,2.193,7.75,,,3.482
5/30/2018,12:01:07,17.069,734.6,25.3,2.43,175.7,7.16,,,,4.8,0,0.318,0.32,,,2.232,7.88,,,3.529
5/30/2018,12:01:09,17.078,734.7,24.2,2.34,174.3,7.16,,,,4.97,0,0.315,0.31,,,2.297,8.11,,,3.571
5/30/2018,12:01:11,17.092,734.6,19.5,1.88,172.6,7.15,,,,5.14,0,0.317,0.32,,,2.355,8.32,,,3.611
5/30/2018,12:01:13,17.059,734.7,17.9,1.73,171.3,7.14,,,,5.35,0,0.316,0.32,,,2.351,8.3,,,3.654
5/30/2018,12:01:15,16.963,734.6,17.1,1.65,170.3,7.13,,,,5.53,0,0.325,0.33,,,2.378,8.4,,,3.695
5/30/2018,12:01:17,16.873,734.7,16.4,1.59,169.5,7.12,,,,5.79,0,0.358,0.36,,,4.611,16.2,,,3.73
5/30/2018,12:01:19,16.786,734.7,15.8,1.53,168.8,7.11,,,,6.03,0,0.484,0.48,,,6.818,23.92,,,3.765
5/30/2018,12:01:21,16.619,734.6,15.3,1.49,168.6,7.1,,,,6.12,0,0.604,0.6,,,5.713,20.06,,,3.802
5/30/2018,12:01:23,16.418,734.6,14.8,1.44,168.5,7.09,,,,6.26,0,0.712,0.71,,,4.173,14.67,,,3.836
5/30/2018,12:01:25,16.237,734.7,14.3,1.41,168.4,7.08,,,,6.48,0,0.787,0.79,,,3.459,12.17,,,3.872
5/30/2018,12:01:27,16.102,734.7,13.8,1.35,168.3,6.98,,,,6.66,0,0.859,0.86,,,4.072,14.32,,,3.903
5/30/2018,12:01:29,15.989,734.7,12.8,1.26,168.1,6.97,,,,6.87,0,0.912,0.91,,,1.787,6.33,,,3.937
5/30/2018,12:01:31,15.815,734.7,12,1.18,168.2,6.96,,,,6.98,0,0.894,0.89,,,1.798,6.37,,,3.966
5/30/2018,12:01:33,15.628,734.6,11.2,1.12,168.3,6.95,,,,6.95,0,0.891,0.89,,,1.872,6.63,,,3.996
5/30/2018,12:01:35,15.468,734.7,10.5,1.05,168.3,6.95,,,,7.01,0,0.854,0.85,,,1.868,6.61,,,4.025
5/30/2018,12:01:37,15.257,734.7,9.9,0.99,168.4,6.94,,,,7.04,0,0.716,0.72,,,1.775,6.29,,,4.057
5/30/2018,12:01:39,15.043,734.7,9.1,0.92,168.6,6.94,,,,6.96,0,0.539,0.54,,,1.683,5.97,,,4.087
5/30/2018,12:01:41,14.761,734.7,8.5,0.86,168.9,6.93,,,,6.89,0,0.363,0.36,,,1.583,5.61,,,4.116
5/30/2018,12:01:43,14.476,734.7,7.8,0.8,169.3,6.93,,,,6.8,0,0.211,0.21,,,1.412,5.02,,,4.15
5/30/2018,12:01:45,14.27,734.7,7.3,0.75,169.4,6.93,,,,6.8,0,0.078,0.08,,,1.283,4.57,,,4.181
5/30/2018,12:01:47,14.073,734.7,6.8,0.7,169.6,6.92,,,,6.75,0,-0.035,-0.03,,,1.162,4.14,,,4.216
5/30/2018,12:01:49,13.891,734.7,6.4,0.66,169.8,6.92,,,,6.75,0,-0.083,-0.08,,,1.09,3.89,,,4.251
5/30/2018,12:01:51,13.751,734.7,6,0.62,170,6.92,,,,6.77,0,-0.143,-0.14,,,1.049,3.75,,,4.293
5/30/2018,12:01:53,13.632,734.8,5.7,0.59,170.1,6.91,,,,6.77,0,-0.175,-0.17,,,1.013,3.62,,,4.331
5/30/2018,12:01:55,13.532,734.7,5.5,0.57,170,6.91,,,,6.77,0,-0.195,-0.2,,,0.98,3.51,,,4.373
5/30/2018,12:01:57,13.36,734.8,5.3,0.56,170,6.91,,,,6.81,0,-0.221,-0.22,,,0.962,3.44,,,4.411
5/30/2018,12:01:59,13.138,734.7,5.2,0.54,170.1,6.9,,,,6.86,0,-0.233,-0.23,,,0.952,3.41,,,4.457
5/30/2018,12:02:01,12.94,734.7,5.1,0.54,170.2,6.9,,,,6.89,0,-0.23,-0.23,,,0.929,3.33,,,4.5
5/30/2018,12:02:03,12.747,734.7,5,0.53,170.3,6.9,,,,6.98,0,-0.232,-0.23,,,0.904,3.24,,,4.549
5/30/2018,12:02:05,12.521,734.7,5,0.53,170.4,6.89,,,,7.09,0,-0.232,-0.23,,,0.86,3.09,,,4.593
5/30/2018,12:02:07,12.317,734.7,5,0.53,170.5,6.89,,,,7.1,0,-0.246,-0.25,,,0.866,3.11,,,4.642
5/30/2018,12:02:09,12.161,734.7,5,0.54,170.6,6.89,,,,7.17,0,-0.259,-0.26,,,0.824,2.96,,,4.688
5/30/2018,12:02:11,12.043,734.7,5,0.54,170.6,6.89,,,,7.21,0,-0.277,-0.28,,,0.786,2.83,,,4.736
5/30/2018,12:02:13,11.957,734.7,5.1,0.55,170.4,6.88,,,,7.26,0,-0.283,-0.28,,,0.759,2.73,,,4.789
5/30/2018,12:02:15,11.908,734.7,5.1,0.55,170.2,6.88,,,,7.36,0,-0.283,-0.28,,,0.752,2.71,,,4.835
5/30/2018,12:02:17,11.833,734.7,5.2,0.56,170.1,6.88,,,,7.36,0,-0.282,-0.28,,,0.721,2.6,,,4.887
5/30/2018,12:02:19,11.745,734.7,5.3,0.57,170.2,6.87,,,,7.38,0,-0.284,-0.28,,,0.707,2.55,,,4.934
5/30/2018,12:02:21,11.663,734.7,5.4,0.58,170.3,6.87,,,,7.45,0,-0.298,-0.3,,,0.705,2.55,,,4.983
5/30/2018,12:02:23,11.596,734.7,5.4,0.59,170.3,6.87,,,,7.49,0,-0.31,-0.31,,,0.687,2.48,,,5.029
5/30/2018,12:02:25,11.553,734.7,5.5,0.6,170.2,6.86,,,,7.53,0,-0.304,-0.3,,,0.677,2.45,,,5.075
5/30/2018,12:02:27,11.492,734.7,5.6,0.61,170.2,6.86,,,,7.56,0,-0.303,-0.3,,,0.654,2.37,,,5.116
5/30/2018,12:02:29,11.423,734.7,5.6,0.62,170.3,6.86,,,,7.53,0,-0.308,-0.31,,,0.642,2.33,,,5.158
5/30/2018,12:02:31,11.376,734.7,5.7,0.63,170.2,6.85,,,,7.51,0,-0.309,-0.31,,,0.639,2.31,,,5.199
5/30/2018,12:02:33,11.334,734.7,5.8,0.64,170,6.85,,,,7.45,0,-0.301,-0.3,,,0.636,2.3,,,5.244
5/30/2018,12:02:35,11.31,734.7,5.9,0.65,169.8,6.84,,,,7.39,0,-0.307,-0.31,,,0.63,2.28,,,5.285
5/30/2018,12:02:37,11.253,734.6,6,0.66,169.7,6.84,,,,7.37,0,-0.31,-0.31,,,0.616,2.23,,,5.325
5/30/2018,12:02:39,11.163,734.6,6.2,0.68,169.6,6.83,,,,7.3,0,-0.317,-0.32,,,0.606,2.2,,,5.372
5/30/2018,12:02:41,11.06,734.8,6.3,0.69,169.5,6.82,,,,7.23,0,-0.31,-0.31,,,0.609,2.21,,,5.416
5/30/2018,12:02:43,10.953,734.7,6.5,0.71,169.4,6.82,,,,7.13,0,-0.319,-0.32,,,0.597,2.17,,,5.467
5/30/2018,12:02:45,10.865,734.7,6.6,0.73,169.2,6.81,,,,7.13,0,-0.326,-0.33,,,0.576,2.09,,,5.513
5/30/2018,12:02:47,10.774,734.7,6.9,0.76,169,6.81,,,,7.09,0,-0.316,-0.32,,,0.562,2.05,,,5.56
5/30/2018,12:02:49,10.681,734.7,7.2,0.8,168.9,6.8,,,,7.04,0,-0.316,-0.32,,,0.571,2.08,,,5.6
5/30/2018,12:02:51,10.617,734.7,7.5,0.83,168.8,6.79,,,,7.03,0,-0.314,-0.31,,,0.562,2.04,,,5.644
5/30/2018,12:02:53,10.577,734.7,7.8,0.87,168.7,6.79,,,,7,0,-0.314,-0.31,,,0.554,2.02,,,5.684
5/30/2018,12:02:55,10.528,734.7,8.1,0.9,168.8,6.78,,,,6.98,0,-0.317,-0.32,,,0.555,2.02,,,5.727
5/30/2018,12:02:57,10.474,734.7,8.3,0.92,168.8,6.77,,,,7.06,0,-0.327,-0.33,,,0.57,2.07,,,5.768
5/30/2018,12:02:59,10.402,734.8,8.4,0.94,168.8,6.76,,,,7.06,0,-0.339,-0.34,,,0.548,1.99,,,5.814
5/30/2018,12:03:01,10.33,734.8,8.5,0.95,168.9,6.76,,,,7.03,0,-0.346,-0.35,,,0.552,2.01,,,5.857
5/30/2018,12:03:03,10.264,734.7,8.6,0.97,168.9,6.75,,,,7.07,0,-0.345,-0.34,,,0.546,1.99,,,5.906
5/30/2018,12:03:05,10.19,734.7,8.6,0.97,168.9,6.72,,,,7.06,0,-0.351,-0.35,,,0.558,2.03,,,5.953
5/30/2018,12:03:07,10.105,734.7,8.6,0.97,169,6.69,,,,7.15,0,-0.341,-0.34,,,0.621,2.25,,,6.007
5/30/2018,12:03:09,10.038,734.7,8.5,0.96,169.1,6.68,,,,7.26,0,-0.335,-0.33,,,0.696,2.52,,,6.057
5/30/2018,12:03:11,9.978,734.7,8.3,0.94,169.2,6.67,,,,7.35,0,-0.339,-0.34,,,0.762,2.74,,,6.105
5/30/2018,12:03:13,9.924,734.7,7.9,0.89,169.5,6.67,,,,7.44,0,-0.335,-0.33,,,0.791,2.85,,,6.16
5/30/2018,12:03:15,9.871,734.7,7.5,0.84,169.9,6.66,,,,7.55,0,-0.321,-0.32,,,0.804,2.89,,,6.209
5/30/2018,12:03:17,9.823,734.7,7,0.79,170.3,6.66,,,,7.7,0,-0.323,-0.32,,,0.741,2.67,,,6.258
5/30/2018,12:03:19,9.791,734.8,6.4,0.73,170.7,6.65,,,,7.82,0,-0.306,-0.31,,,0.691,2.5,,,6.304
5/30/2018,12:03:21,9.77,734.8,5.8,0.66,171.1,6.65,,,,7.92,0,-0.303,-0.3,,,0.617,2.24,,,6.352
5/30/2018,12:03:23,9.742,734.7,5.3,0.61,171.5,6.64,,,,8.02,0,-0.304,-0.3,,,0.572,2.08,,,6.396
5/30/2018,12:03:25,9.714,734.7,4.9,0.55,171.8,6.64,,,,8.1,0,-0.314,-0.31,,,0.539,1.97,,,6.447
5/30/2018,12:03:27,9.677,734.9,4.5,0.51,172.3,6.64,,,,8.25,0,-0.317,-0.32,,,0.531,1.94,,,6.498
5/30/2018,12:03:29,9.637,734.8,4.1,0.46,172.9,6.63,,,,8.54,0,-0.324,-0.32,,,0.535,1.95,,,6.555
5/30/2018,12:03:31,9.603,734.7,3.7,0.42,173.4,6.62,,,,8.79,0,-0.327,-0.33,,,0.546,1.99,,,6.607
5/30/2018,12:03:33,9.565,734.7,3.4,0.39,173.9,6.62,,,,9.1,0,-0.328,-0.33,,,0.552,2.01,,,6.664
5/30/2018,12:03:35,9.515,734.7,3.1,0.35,174.6,6.61,,,,9.39,0,-0.322,-0.32,,,0.553,2.01,,,6.717
5/30/2018,12:03:37,9.462,734.8,2.8,0.32,175.5,6.6,,,,9.61,0,-0.32,-0.32,,,0.555,2.02,,,6.77
5/30/2018,12:03:39,9.424,734.8,2.6,0.3,176.4,6.59,,,,9.87,0,-0.318,-0.32,,,0.508,1.86,,,6.828
5/30/2018,12:03:41,9.395,734.7,2.4,0.28,177,6.58,,,,10.13,0,-0.322,-0.32,,,0.483,1.77,,,6.881
5/30/2018,12:03:43,9.364,734.7,2.3,0.26,177.7,6.57,,,,10.22,0,-0.309,-0.31,,,0.453,1.66,,,6.938
5/30/2018,12:03:45,9.324,734.8,2.1,0.24,178.4,6.56,,,,10.26,0,-0.296,-0.3,,,0.454,1.67,,,6.989
5/30/2018,12:03:47,9.295,734.7,2,0.23,179,6.56,,,,10.29,0,-0.304,-0.3,,,0.444,1.63,,,7.045
5/30/2018,12:03:49,9.272,734.7,1.9,0.22,179.4,6.55,,,,10.29,0,-0.298,-0.3,,,0.429,1.58,,,7.097
5/30/2018,12:03:51,9.243,734.7,1.8,0.21,179.8,6.54,,,,10.38,0,-0.312,-0.31,,,0.441,1.62,,,7.154
5/30/2018,12:03:53,9.211,734.7,1.7,0.2,180.1,6.54,,,,10.39,0,-0.322,-0.32,,,0.447,1.64,,,7.205
5/30/2018,12:03:55,9.172,734.7,1.6,0.19,180.5,6.53,,,,10.47,0,-0.322,-0.32,,,0.431,1.59,,,7.265
5/30/2018,12:03:57,9.133,734.6,1.6,0.18,181,6.52,,,,10.59,0,-0.336,-0.34,,,0.415,1.53,,,7.32
5/30/2018,12:03:59,9.104,734.7,1.5,0.17,181.4,6.52,,,,10.72,0,-0.338,-0.34,,,0.394,1.46,,,7.382
5/30/2018,12:04:01,9.076,734.7,1.4,0.16,181.8,6.51,,,,13.87,0,-0.322,-0.32,,,0.406,1.5,,,7.44
5/30/2018,12:04:03,9.06,734.7,1.4,0.16,182.2,6.51,,,,38.91,0,-0.228,-0.23,,,0.57,2.07,,,7.502
5/30/2018,12:04:05,9.045,734.7,1.3,0.15,182.6,6.5,,,,38.29,0,-0.033,-0.03,,,0.855,3.07,,,7.555
5/30/2018,12:04:07,9.029,734.6,1.3,0.15,183,6.49,,,,30.35,0,0.369,0.37,,,3.689,12.98,,,7.612
5/30/2018,12:04:09,9.02,734.7,1.2,0.14,183.3,6.49,,,,28.42,0,1.356,1.36,,,9.195,32.23,,,7.663
5/30/2018,12:04:11,9.012,734.8,1.2,0.13,183.7,6.48,,,,81.3,0,2.353,2.35,,,4.582,16.1,,,7.711
5/30/2018,12:04:13,9.005,734.6,1.1,0.13,183.9,6.48,,,,74.37,0,5.891,5.89,,,3.73,13.13,,,7.761
5/30/2018,12:04:15,8.998,734.7,1.1,0.12,184.1,6.47,,,,48.15,0,6.506,6.51,,,6,21.06,,,7.805
5/30/2018,12:04:17,8.995,734.7,1,0.12,184.3,6.47,,,,130.07,0,3.131,3.13,,,3.946,13.88,,,7.852
5/30/2018,12:04:19,8.994,734.7,1,0.11,184.4,6.47,,,,140.59,0,1.558,1.56,,,1.975,6.99,,,7.893
5/30/2018,12:04:21,8.994,734.8,0.9,0.11,184.5,6.47,,,,86.38,0,2.053,2.05,,,2.096,7.41,,,7.935
5/30/2018,12:04:23,8.994,734.7,0.9,0.1,184.6,6.47,,,,149.62,0,1.827,1.83,,,2.172,7.68,,,7.97
5/30/2018,12:04:25,8.995,734.7,0.9,0.1,184.6,6.47,,,,96.31,0,1.689,1.69,,,2.3,8.12,,,8.007
5/30/2018,12:04:27,8.995,734.7,0.9,0.1,184.7,6.48,,,,143.67,0,1.666,1.67,,,2.314,8.17,,,8.036
5/30/2018,12:04:29,8.995,734.7,0.8,0.1,184.8,6.48,,,,74.53,0,1.636,1.64,,,2.28,8.05,,,8.065
5/30/2018,12:04:31,8.994,734.7,0.8,0.1,184.8,6.49,,,,107.7,0,1.568,1.57,,,2.251,7.95,,,8.089
5/30/2018,12:04:33,8.993,734.7,0.8,0.1,184.9,6.49,,,,79.44,0,1.51,1.51,,,2.162,7.64,,,8.111
5/30/2018,12:04:35,8.993,734.8,0.8,0.09,185,6.5,,,,80.45,0,1.463,1.46,,,2.035,7.2,,,8.127
5/30/2018,12:04:37,8.992,734.7,0.8,0.09,185,6.5,,,,85.29,0,1.444,1.44,,,1.923,6.8,,,8.141
5/30/2018,12:04:39,8.992,734.8,0.8,0.09,185.1,6.5,,,,97.27,0,1.444,1.44,,,1.909,6.75,,,8.15
5/30/2018,12:04:41,8.991,734.7,0.8,0.09,185.2,6.51,,,,94.16,0,1.419,1.42,,,1.931,6.83,,,8.158
5/30/2018,12:04:43,8.99,734.7,0.8,0.09,185.3,6.5,,,,95.85,0,1.438,1.44,,,2.018,7.14,,,8.165
5/30/2018,12:04:45,8.987,734.7,0.8,0.09,185.4,6.5,,,,96.68,0,1.451,1.45,,,2.138,7.56,,,8.171
5/30/2018,12:04:47,8.983,734.7,0.8,0.09,185.5,6.5,,,,103.1,0,1.456,1.46,,,2.302,8.13,,,8.176
5/30/2018,12:04:49,8.979,734.7,0.8,0.09,185.6,6.5,,,,71.9,0,1.5,1.5,,,2.452,8.65,,,8.18
5/30/2018,12:04:51,8.975,734.7,0.8,0.09,185.6,6.5,,,,73.68,0,1.56,1.56,,,2.586,9.12,,,8.184
5/30/2018,12:04:53,8.97,734.8,0.7,0.09,185.7,6.5,,,,70.46,0,1.626,1.63,,,2.714,9.57,,,8.186
5/30/2018,12:04:55,8.966,734.7,0.7,0.08,185.7,6.5,,,,89.14,0,1.7,1.7,,,2.818,9.93,,,8.187
5/30/2018,12:04:57,8.964,734.7,0.7,0.08,185.7,6.5,,,,83.84,0,1.769,1.77,,,2.908,10.25,,,8.187
5/30/2018,12:04:59,8.963,734.8,0.7,0.08,185.7,6.5,,,,68.64,0,1.842,1.84,,,2.982,10.51,,,8.187
5/30/2018,12:05:01,8.963,734.7,0.7,0.08,185.7,6.5,,,,63.81,0,1.907,1.91,,,3.07,10.81,,,8.187
