chlorophyll_RFU,depth_m,doSaturation_percent,ODO...local,doConcentration_mgpL,orp_mV,salinity_psu,specificConductivity_uSpcm,phycocyaninBGA_RFU,tds_mgpL,turbidity_FNU,pH,temp_degC,verticalPosition_m,latitude,longitude,altitude_m,date,dateTime,MULakeNumber,waterPressure_barA,barometerAirHandheld_mbars,depthDiff_m,verticalPositionDiff_m
2.44,0.025,128,128,10.26,90.6,0.05,104.1,0.69,68,26.9,8.75,26.66,0.03,NA,NA,NA,2019-06-11,2019-06-11T14:19:19Z,057,0.0024496461622210124,996.4,0.010999999999999996,0.010000000000000002
2.03,0.048,128,128,10.26,90.8,0.05,104.1,0.56,68,27.6,8.75,26.651,0.051,NA,NA,NA,2019-06-11,2019-06-11T14:19:22Z,057,0.004627109417528579,996.4,0.011999999999999997,0.012000000000000004
2.08,0.06,128.2,128.2,10.28,90.8,0.05,104.1,0.61,68,27.09,8.75,26.659,0.063,NA,NA,NA,2019-06-11,2019-06-11T14:19:23Z,057,0.005783886771910725,996.5333333333333,0.017,0.028999999999999998
2.12,0.077,128.2,128.2,10.28,90.9,0.05,104.2,0.67,68,27,8.75,26.673,0.092,NA,NA,NA,2019-06-11,2019-06-11T14:19:24Z,057,0.007416984213391399,996.5333333333333,0.033,0.028999999999999998
2.21,0.11,128.1,128.1,10.26,91,0.05,104.1,0.66,68,27.02,8.75,26.679,0.121,NA,NA,NA,2019-06-11,2019-06-11T14:19:25Z,057,0.010615133369624387,996.5333333333333,0.03699999999999999,0.036000000000000004
2.33,0.147,128,128,10.26,91,0.05,104.1,0.69,68,26.99,8.75,26.672,0.157,NA,NA,NA,2019-06-11,2019-06-11T14:19:26Z,057,0.014153511159499184,996.5333333333333,0.028999999999999998,0.03
2.43,0.176,128,128,10.26,91.2,0.05,104.2,0.74,68,27.61,8.75,26.65,0.187,NA,NA,NA,2019-06-11,2019-06-11T14:19:27Z,057,0.017011431682090364,996.5333333333333,0.032,0.034
2.47,0.23,127.9,127.9,10.26,91.6,0.05,104.1,0.83,68,27.42,8.74,26.615,0.229,NA,NA,NA,2019-06-11,2019-06-11T14:19:29Z,057,0.022182906913445835,996.5333333333333,0.011999999999999983,0.017999999999999988
2.48,0.242,128,128,10.27,91.7,0.05,104.1,0.79,68,27.43,8.74,26.603,0.247,NA,NA,NA,2019-06-11,2019-06-11T14:19:30Z,057,0.02333968426782798,996.5333333333333,0.018000000000000016,0.018000000000000016
2.49,0.26,128,128,10.27,91.8,0.05,104.2,0.77,68,27.06,8.74,26.596,0.265,NA,NA,NA,2019-06-11,2019-06-11T14:19:31Z,057,0.025040827436037017,996.5333333333333,0.019000000000000017,0.021999999999999964
2.52,0.279,128,128,10.27,91.8,0.05,104.2,0.76,68,27.31,8.74,26.594,0.287,NA,NA,NA,2019-06-11,2019-06-11T14:19:32Z,057,0.02694610778443114,996.5333333333333,0.019999999999999962,0.027000000000000024
2.83,0.299,128,128,10.27,91.9,0.05,104.2,0.77,68,27.62,8.74,26.593,0.314,NA,NA,NA,2019-06-11,2019-06-11T14:19:33Z,057,0.028783342406096896,996.6666666666666,0.03600000000000003,0.028000000000000025
2.94,0.335,128,128,10.27,91.9,0.05,104.2,0.81,68,27.66,8.74,26.583,0.342,NA,NA,NA,2019-06-11,2019-06-11T14:19:34Z,057,0.03225367446924333,996.5333333333333,0.03799999999999998,0.061
2.75,0.373,127.9,127.9,10.27,91.9,0.05,104.1,0.81,68,27.42,8.74,26.562,0.403,NA,NA,NA,2019-06-11,2019-06-11T14:19:35Z,057,0.035928143712574856,996.5333333333333,0.09500000000000003,0.11599999999999999
2.71,0.468,127.9,127.9,10.27,91.9,0.05,104.1,0.85,68,27.27,8.74,26.545,0.519,NA,NA,NA,2019-06-11,2019-06-11T14:19:36Z,057,0.04518236254763201,996.4,0.08900000000000002,0.031000000000000028
2.78,0.557,127.8,127.8,10.27,91.9,0.05,104,0.82,68,27.21,8.74,26.528,0.55,NA,NA,NA,2019-06-11,2019-06-11T14:19:37Z,057,0.053756124115405556,996.5333333333333,0.009999999999999898,0.02199999999999991
2.93,0.567,127.8,127.8,10.27,91.9,0.05,104,0.78,68,27.18,8.74,26.529,0.572,NA,NA,NA,2019-06-11,2019-06-11T14:19:38Z,057,0.05470876428960262,996.5333333333333,0.052000000000000046,0.1060000000000001
2.95,0.619,127.7,127.7,10.26,92,0.05,104,0.9,68,27.53,8.74,26.528,0.678,NA,NA,NA,2019-06-11,2019-06-11T14:19:39Z,057,0.05974414806750136,996.5333333333333,0.11299999999999999,0.05999999999999994
2.77,0.749,127.6,127.6,10.26,92.3,0.05,104.1,0.86,68,26.98,8.73,26.491,0.749,NA,NA,NA,2019-06-11,2019-06-11T14:19:42Z,057,0.07226456178551988,996.5333333333333,0.009000000000000008,0.014000000000000012
2.89,0.765,127.7,127.7,10.26,92.2,0.05,104.1,0.86,68,27.21,8.74,26.497,0.766,NA,NA,NA,2019-06-11,2019-06-11T14:19:44Z,057,0.07382961350027219,996.4,0.01100000000000001,0.025000000000000022
2.91,0.776,127.6,127.6,10.26,92.2,0.05,104.1,0.82,68,27.13,8.74,26.498,0.791,NA,NA,NA,2019-06-11,2019-06-11T14:19:45Z,057,0.07485029940119761,996.5333333333333,0.03200000000000003,0.02199999999999991
2.78,0.826,127.6,127.6,10.26,92.2,0.05,104,0.85,68,26.91,8.74,26.488,0.828,NA,NA,NA,2019-06-11,2019-06-11T14:19:48Z,057,0.07968154599891128,996.5333333333333,0.007000000000000006,0.014000000000000012
2.76,0.833,127.6,127.6,10.26,92.2,0.05,104,0.8,68,27,8.74,26.497,0.842,NA,NA,NA,2019-06-11,2019-06-11T14:19:49Z,057,0.08036200326619489,996.5333333333333,0.017000000000000015,0.016000000000000014
2.76,0.884,127.4,127.4,10.24,92.3,0.05,104.1,0.84,68,28.21,8.74,26.473,0.886,NA,NA,NA,2019-06-11,2019-06-11T14:19:55Z,057,0.0852612955906369,996.5333333333333,0.007000000000000006,0.01100000000000001
2.86,0.891,127.3,127.3,10.24,92.3,0.05,104.2,0.87,68,27.59,8.74,26.464,0.897,NA,NA,NA,2019-06-11,2019-06-11T14:19:56Z,057,0.08600979858464888,996.5333333333333,0.01100000000000001,0.014000000000000012
3.02,0.902,127.3,127.3,10.24,92.3,0.05,104.2,0.93,68,27.77,8.74,26.46,0.911,NA,NA,NA,2019-06-11,2019-06-11T14:19:57Z,057,0.08703048448557431,996.5333333333333,0.02100000000000002,0.016000000000000014
3.06,0.933,127.2,127.2,10.23,92.5,0.05,104,0.84,68,27.95,8.73,26.459,0.932,NA,NA,NA,2019-06-11,2019-06-11T14:19:59Z,057,0.08995645073489386,996.5333333333333,0.005999999999999894,0.015999999999999903
3.03,0.939,127.2,127.2,10.23,92.6,0.05,104.1,0.81,68,28.07,8.73,26.445,0.948,NA,NA,NA,2019-06-11,2019-06-11T14:20:00Z,057,0.0905688622754491,996.5333333333333,0.02200000000000002,0.030000000000000027
2.92,0.961,127.1,127.1,10.23,92.7,0.05,104.2,0.86,68,28.23,8.72,26.428,0.978,NA,NA,NA,2019-06-11,2019-06-11T14:20:01Z,057,0.09267827980402832,996.5333333333333,0.02400000000000002,0.01100000000000001
3.09,0.985,126.5,126.5,10.19,92.9,0.05,104.2,0.96,68,28.08,8.72,26.348,0.989,NA,NA,NA,2019-06-11,2019-06-11T14:20:02Z,057,0.09505988023952096,996.5333333333333,0.05300000000000005,0.1050000000000001
3.36,1.038,120.9,120.9,10.02,93.9,0.05,107,1.03,70,28.66,8.72,24.317,1.094,NA,NA,NA,2019-06-11,2019-06-11T14:20:03Z,057,0.10023135547087644,996.4,0.07600000000000007,0.014000000000000012
3.66,1.114,118.4,118.4,9.88,94.8,0.05,104.3,1.08,68,28.94,8.65,24.749,1.108,NA,NA,NA,2019-06-11,2019-06-11T14:20:04Z,057,0.10751224823081111,996.5333333333333,-0.001000000000000112,0.010000000000000009
3.76,1.113,113.8,113.8,9.48,95,0.05,104.4,1.01,68,28.66,8.59,24.451,1.118,NA,NA,NA,2019-06-11,2019-06-11T14:20:05Z,057,0.10744420250408274,996.5333333333333,0.01100000000000012,0.014999999999999902
3.63,1.124,112.5,112.5,9.41,95.1,0.05,104.8,0.87,68,28.6,8.53,24.254,1.133,NA,NA,NA,2019-06-11,2019-06-11T14:20:06Z,057,0.10846488840500818,996.5333333333333,0.0259999999999998,0.028999999999999915
3.7,1.15,110.5,110.5,9.28,95.2,0.05,105,0.82,68,29.14,8.48,24.094,1.162,NA,NA,NA,2019-06-11,2019-06-11T14:20:07Z,057,0.1110506260206859,996.5333333333333,0.026000000000000023,0.013000000000000123
3.97,1.176,107.9,107.9,9.08,95.5,0.05,105.1,0.83,68,29.34,8.46,23.953,1.175,NA,NA,NA,2019-06-11,2019-06-11T14:20:08Z,057,0.11350027218290691,996.5333333333333,0.008000000000000007,0.016000000000000014
4.04,1.184,105.6,105.6,8.91,95.7,0.05,105.2,0.87,68,29.29,8.42,23.845,1.191,NA,NA,NA,2019-06-11,2019-06-11T14:20:09Z,057,0.11431682090364725,996.5333333333333,0.020000000000000018,0.020999999999999908
4.31,1.224,93.2,93.2,7.95,96.8,0.05,106.1,0.77,69,31.04,8.3,23.26,1.229,NA,NA,NA,2019-06-11,2019-06-11T14:20:16Z,057,0.11819542732716386,996.4,0.015000000000000124,0.016999999999999904
3.92,1.254,87.7,87.7,7.5,97.5,0.05,105.9,0.73,69,29.83,8.24,23.15,1.255,NA,NA,NA,2019-06-11,2019-06-11T14:20:19Z,057,0.12105334784975504,996.5333333333333,0.008000000000000007,0.01200000000000001
3.7,1.262,85,85,7.27,97.7,0.05,105.9,0.62,69,30.36,8.22,23.098,1.267,NA,NA,NA,2019-06-11,2019-06-11T14:20:20Z,057,0.12180185084376702,996.5333333333333,0.020000000000000018,0.029000000000000137
3.6,1.282,79.1,79.1,6.78,98,0.05,106,0.6,69,31.71,8.19,22.985,1.296,NA,NA,NA,2019-06-11,2019-06-11T14:20:21Z,057,0.12370713119216113,996.4,0.028999999999999915,0.026999999999999913
3.69,1.311,75.3,75.3,6.47,98.6,0.05,106.3,0.63,69,32.32,8.17,22.797,1.323,NA,NA,NA,2019-06-11,2019-06-11T14:20:22Z,057,0.12663309744148069,996.5333333333333,0.025000000000000133,0.016000000000000014
3.7,1.336,71.6,71.6,6.17,99,0.05,106.3,0.61,69,31.7,8.14,22.7,1.339,NA,NA,NA,2019-06-11,2019-06-11T14:20:23Z,057,0.12894665215024498,996.5333333333333,0.020999999999999908,0.025000000000000133
3.34,1.357,67.3,67.3,5.81,99.2,0.05,106.1,0.59,69,31.43,8.11,22.685,1.364,NA,NA,NA,2019-06-11,2019-06-11T14:20:24Z,057,0.1309880239520958,996.5333333333333,0.016000000000000014,0.0129999999999999
3.31,1.373,65.9,65.9,5.69,99.5,0.05,105.9,0.56,69,31.89,8.08,22.684,1.377,NA,NA,NA,2019-06-11,2019-06-11T14:20:25Z,057,0.13255307566684812,996.5333333333333,0.026000000000000023,0.04400000000000004
3.48,1.399,58.6,58.6,5.06,99.8,0.05,105.9,0.52,69,33.78,8.05,22.647,1.421,NA,NA,NA,2019-06-11,2019-06-11T14:20:26Z,057,0.1350707675557975,996.5333333333333,0.03600000000000003,0.018000000000000016
3.35,1.435,56.5,56.5,4.88,100.3,0.05,105.7,0.54,69,35.78,8.04,22.657,1.439,NA,NA,NA,2019-06-11,2019-06-11T14:20:27Z,057,0.13854109961894392,996.5333333333333,0.018000000000000016,0.018000000000000016
3.56,1.453,51.9,51.9,4.48,100.6,0.05,105.5,0.62,69,36.96,8,22.646,1.457,NA,NA,NA,2019-06-11,2019-06-11T14:20:28Z,057,0.14024224278715297,996.5333333333333,0.018000000000000016,0.018000000000000016
3.16,1.479,46,46,3.99,101.6,0.05,105.5,0.59,69,37.47,7.9,22.447,1.481,NA,NA,NA,2019-06-11,2019-06-11T14:20:32Z,057,0.1428279804028307,996.5333333333333,0.008000000000000007,0.010999999999999899
3.13,1.487,44,44,3.81,102,0.05,105.3,0.54,68,38.3,7.87,22.519,1.492,NA,NA,NA,2019-06-11,2019-06-11T14:20:33Z,057,0.14364452912357106,996.5333333333333,0.016999999999999904,0.0129999999999999
3.27,1.504,42.1,42.1,3.65,102.4,0.05,105.4,0.53,68,37.12,7.85,22.411,1.505,NA,NA,NA,2019-06-11,2019-06-11T14:20:34Z,057,0.14520958083832336,996.4,0.008000000000000007,0.015000000000000124
3.41,1.526,38.5,38.5,3.35,103.2,0.05,105.3,0.57,68,38.62,7.79,22.251,1.528,NA,NA,NA,2019-06-11,2019-06-11T14:20:37Z,057,0.14738704409363093,996.5333333333333,0.006000000000000005,0.010000000000000009
3.66,1.532,36.7,36.7,3.19,103.7,0.05,105.3,0.64,68,39.07,7.76,22.217,1.538,NA,NA,NA,2019-06-11,2019-06-11T14:20:38Z,057,0.14793140990745782,996.5333333333333,0.02400000000000002,0.026000000000000023
3.52,1.556,35.5,35.5,3.1,104,0.05,105.3,0.59,68,39.33,7.74,22.144,1.564,NA,NA,NA,2019-06-11,2019-06-11T14:20:39Z,057,0.1502449646162221,996.5333333333333,0.014999999999999902,0.01200000000000001
3.64,1.598,29.4,29.4,2.57,105.6,0.05,105.3,0.65,68,39.62,7.64,21.981,1.601,NA,NA,NA,2019-06-11,2019-06-11T14:20:44Z,057,0.15425966249319542,996.5333333333333,0.008000000000000007,0.015000000000000124
3.38,1.606,28.7,28.7,2.51,105.8,0.05,105.2,0.66,68,40.25,7.63,21.984,1.616,NA,NA,NA,2019-06-11,2019-06-11T14:20:45Z,057,0.15507621121393575,996.5333333333333,0.029999999999999805,0.027999999999999803
3.38,1.65,26.2,26.2,2.29,106.5,0.05,105.5,0.54,69,43.46,7.59,21.8,1.648,NA,NA,NA,2019-06-11,2019-06-11T14:20:47Z,057,0.15936309199782256,996.5333333333333,0.007000000000000117,0.027000000000000135
3.44,1.657,25,25,2.2,106.8,0.05,105.5,0.56,69,46.44,7.57,21.747,1.675,NA,NA,NA,2019-06-11,2019-06-11T14:20:48Z,057,0.16004354926510614,996.5333333333333,0.028999999999999915,0.0129999999999999
3.02,1.695,23.3,23.3,2.05,107.4,0.05,106,0.59,69,46.21,7.55,21.472,1.696,NA,NA,NA,2019-06-11,2019-06-11T14:20:50Z,057,0.16371801850843767,996.5333333333333,0.008000000000000007,0.010000000000000009
3.14,1.703,22,22,1.94,107.7,0.05,106.1,0.72,69,46.32,7.53,21.403,1.706,NA,NA,NA,2019-06-11,2019-06-11T14:20:51Z,057,0.16446652150244964,996.5333333333333,0.0129999999999999,0.02100000000000013
3.73,1.739,19.1,19.1,1.7,108.2,0.05,106.1,0.79,69,46.99,7.49,21.299,1.737,NA,NA,NA,2019-06-11,2019-06-11T14:20:54Z,057,0.1679368535655961,996.5333333333333,0.019999999999999796,0.030999999999999917
2.91,1.782,14.8,14.8,1.32,108.5,0.05,106.4,0.86,69,46.23,7.43,20.917,1.783,NA,NA,NA,2019-06-11,2019-06-11T14:20:58Z,057,0.17208764289602613,996.5333333333333,0.004999999999999893,0.014000000000000012
2.74,1.787,13.8,13.8,1.23,107.5,0.05,107,0.81,70,50.55,7.42,20.667,1.797,NA,NA,NA,2019-06-11,2019-06-11T14:20:59Z,057,0.172632008709853,996.5333333333333,0.02200000000000002,0.020000000000000018
2.59,1.809,13.1,13.1,1.19,107,0.05,108.1,0.73,70,50.82,7.41,20.138,1.817,NA,NA,NA,2019-06-11,2019-06-11T14:21:00Z,057,0.17474142623843222,996.5333333333333,0.017000000000000126,0.014000000000000012
2.39,1.826,12.5,12.5,1.14,106.4,0.05,108.5,0.72,71,51.12,7.4,19.929,1.831,NA,NA,NA,2019-06-11,2019-06-11T14:21:01Z,057,0.17644256940664127,996.5333333333333,0.014999999999999902,0.020000000000000018
2.35,1.841,12,12,1.09,105.9,0.05,108.6,0.74,71,50.81,7.39,19.756,1.851,NA,NA,NA,2019-06-11,2019-06-11T14:21:02Z,057,0.17787152966793685,996.5333333333333,0.020000000000000018,0.01200000000000001
2.39,1.867,10.8,10.8,0.99,104.9,0.05,109.2,0.86,71,53.7,7.36,19.544,1.867,NA,NA,NA,2019-06-11,2019-06-11T14:21:04Z,057,0.18038922155688622,996.5333333333333,0.0050000000000001155,0.01200000000000001
2.02,1.89,9.5,9.5,0.87,103.9,0.05,108.6,0.83,71,56.16,7.34,19.47,1.892,NA,NA,NA,2019-06-11,2019-06-11T14:21:07Z,057,0.18263473053892218,996.5333333333333,0.01100000000000012,0.016000000000000014
1.99,1.914,8.9,8.9,0.82,102.6,0.05,108.2,0.72,70,59.72,7.31,19.372,1.917,NA,NA,NA,2019-06-11,2019-06-11T14:21:09Z,057,0.18494828524768644,996.5333333333333,0.013000000000000123,0.018000000000000016
1.33,1.953,7.4,7.4,0.69,98.7,0.05,108.6,0.39,71,66.71,7.28,18.201,1.957,NA,NA,NA,2019-06-11,2019-06-11T14:21:13Z,057,0.1887588459444747,996.5333333333333,0.016000000000000014,0.028999999999999915
1.39,1.969,7,7,0.66,98.1,0.05,108.2,0.39,70,65.09,7.26,18.099,1.986,NA,NA,NA,2019-06-11,2019-06-11T14:21:14Z,057,0.19025585193249864,996.4,0.032999999999999696,0.026999999999999913
1.22,2.029,5.6,5.6,0.53,93,0.05,108.9,0.36,71,62.85,7.22,17.619,2.032,NA,NA,NA,2019-06-11,2019-06-11T14:21:19Z,057,0.19610778443113774,996.5333333333333,0.016999999999999904,0.021999999999999797
1.13,2.046,5.3,5.3,0.51,92.1,0.05,108.6,0.32,71,61.99,7.21,17.644,2.054,NA,NA,NA,2019-06-11,2019-06-11T14:21:20Z,057,0.19780892759934676,996.4,0.019000000000000128,0.02900000000000036
1.1,2.065,5.1,5.1,0.49,91.3,0.05,108.7,0.31,71,63.44,7.2,17.533,2.083,NA,NA,NA,2019-06-11,2019-06-11T14:21:21Z,057,0.19957811649428414,996.5333333333333,0.04200000000000026,0.03299999999999992
1.13,2.107,4.9,4.9,0.46,90.5,0.05,109,0.34,71,64.05,7.19,17.405,2.116,NA,NA,NA,2019-06-11,2019-06-11T14:21:22Z,057,0.20366086009798584,996.5333333333333,0.018999999999999684,0.010999999999999677
1.11,2.126,4.8,4.8,0.46,89.7,0.05,109.1,0.33,71,64.12,7.18,17.375,2.127,NA,NA,NA,2019-06-11,2019-06-11T14:21:23Z,057,0.20556614044637997,996.5333333333333,0.04800000000000004,0.0730000000000004
1.05,2.174,4.5,4.5,0.43,88.8,0.05,109.8,0.27,71,53.81,7.17,17.111,2.2,NA,NA,NA,2019-06-11,2019-06-11T14:21:24Z,057,0.21019324986390855,996.5333333333333,0.04700000000000015,0.020999999999999908
1.01,2.221,4.3,4.3,0.42,87.9,0.05,110.9,0.23,72,59.06,7.16,16.796,2.221,NA,NA,NA,2019-06-11,2019-06-11T14:21:25Z,057,0.2146842678279804,996.5333333333333,0.01399999999999979,0.027000000000000135
0.97,2.235,4.3,4.3,0.41,86.5,0.05,111.4,0.24,72,53.12,7.15,16.665,2.248,NA,NA,NA,2019-06-11,2019-06-11T14:21:26Z,057,0.21604518236254763,996.5333333333333,0.02400000000000002,0.01599999999999957
1.11,2.273,3.9,3.9,0.38,82.2,0.05,111.5,0.29,72,56.95,7.13,16.697,2.277,NA,NA,NA,2019-06-11,2019-06-11T14:21:29Z,057,0.21971965160587917,996.5333333333333,0.016999999999999904,0.020999999999999908
1.09,2.292,3.5,3.5,0.34,75,0.05,112.3,0.29,73,60.37,7.09,16.808,2.297,NA,NA,NA,2019-06-11,2019-06-11T14:21:34Z,057,0.2216249319542733,996.5333333333333,0.014000000000000234,0.0129999999999999
0.98,2.314,3.4,3.4,0.33,73.3,0.05,112.8,0.24,73,56.59,7.07,16.637,2.316,NA,NA,NA,2019-06-11,2019-06-11T14:21:36Z,057,0.22373434948285248,996.5333333333333,0.016999999999999904,0.018000000000000238
0.95,2.339,3.2,3.2,0.32,70.2,0.05,114.1,0.22,74,58.17,7.05,16.344,2.341,NA,NA,NA,2019-06-11,2019-06-11T14:21:38Z,057,0.22611594991834513,996.4,0.0129999999999999,0.0259999999999998
0.93,2.352,3.2,3.2,0.31,69.1,0.05,114.3,0.18,74,46.47,7.05,16.286,2.367,NA,NA,NA,2019-06-11,2019-06-11T14:21:39Z,057,0.22740881872618401,996.4,0.026000000000000245,0.01100000000000012
0.93,2.378,3.1,3.1,0.3,67.9,0.05,114.3,0.18,74,53.51,7.04,16.278,2.378,NA,NA,NA,2019-06-11,2019-06-11T14:21:40Z,057,0.22992651061513336,996.5333333333333,0.020000000000000018,0.0389999999999997
0.9,2.398,3,3,0.29,66.7,0.05,114.4,0.17,74,55.79,7.03,16.317,2.417,NA,NA,NA,2019-06-11,2019-06-11T14:21:41Z,057,0.23176374523679913,996.4,0.03399999999999981,0.015000000000000124
0.93,2.438,2.8,2.8,0.28,64.4,0.05,115.1,0.25,75,56.82,7.01,16.167,2.441,NA,NA,NA,2019-06-11,2019-06-11T14:21:43Z,057,0.2357103973870441,996.5333333333333,0.0129999999999999,0.014000000000000234
0.96,2.459,2.7,2.7,0.27,62.2,0.05,116.1,0.2,75,54.39,7,15.928,2.459,NA,NA,NA,2019-06-11,2019-06-11T14:21:45Z,057,0.23768372346216657,996.5333333333333,0.0129999999999999,0.041999999999999815
0.92,2.472,2.7,2.7,0.26,61.2,0.05,116.3,0.19,76,56.41,7,15.949,2.501,NA,NA,NA,2019-06-11,2019-06-11T14:21:46Z,057,0.2390446379967338,996.5333333333333,0.052000000000000046,0.02499999999999991
0.9,2.524,2.6,2.6,0.26,60.4,0.05,116.7,0.18,76,53.86,6.99,15.858,2.526,NA,NA,NA,2019-06-11,2019-06-11T14:21:47Z,057,0.2440119760479042,996.5333333333333,0.0129999999999999,0.014000000000000234
0.94,2.537,2.6,2.6,0.25,59.5,0.05,117,0.19,76,54.08,6.98,15.84,2.54,NA,NA,NA,2019-06-11,2019-06-11T14:21:48Z,057,0.24530484485574305,996.5333333333333,0.02300000000000013,0.03699999999999992
0.89,2.56,2.5,2.5,0.25,58.6,0.05,117.1,0.18,76,55.56,6.97,15.844,2.577,NA,NA,NA,2019-06-11,2019-06-11T14:21:49Z,057,0.24755035383777899,996.5333333333333,0.053999999999999826,0.06400000000000006
0.85,2.614,2.4,2.4,0.24,57.8,0.06,117.5,0.17,76,45.52,6.96,15.798,2.641,NA,NA,NA,2019-06-11,2019-06-11T14:21:50Z,057,0.2527218290691345,996.5333333333333,0.04800000000000004,0.021999999999999797
0.86,2.662,2.3,2.3,0.23,56.8,0.06,118.2,0.21,77,58.45,6.96,15.645,2.663,NA,NA,NA,2019-06-11,2019-06-11T14:21:51Z,057,0.25734893848666307,996.4,0.03000000000000025,0.05600000000000005
0.82,2.692,2.3,2.3,0.23,55.8,0.06,118.7,0.22,77,50.23,6.95,15.572,2.719,NA,NA,NA,2019-06-11,2019-06-11T14:21:52Z,057,0.2602749047359826,996.4,0.04599999999999982,0.017000000000000348
0.82,2.738,2.2,2.2,0.22,54.8,0.06,119.7,0.18,78,55.01,6.94,15.451,2.736,NA,NA,NA,2019-06-11,2019-06-11T14:21:53Z,057,0.26476592270005445,996.5333333333333,0.007000000000000117,0.02499999999999991
0.8,2.745,2.2,2.2,0.22,53.9,0.06,120.3,0.16,78,52.77,6.93,15.392,2.761,NA,NA,NA,2019-06-11,2019-06-11T14:21:54Z,057,0.2653783342406097,996.5333333333333,0.03399999999999981,0.03699999999999992
0.8,2.779,2.1,2.1,0.21,52.9,0.06,121,0.16,79,56.19,6.93,15.365,2.798,NA,NA,NA,2019-06-11,2019-06-11T14:21:55Z,057,0.26864452912357106,996.4,0.058000000000000274,0.06099999999999994
0.83,2.837,2.1,2.1,0.21,51.9,0.06,121.6,0.17,79,48.54,6.92,15.279,2.859,NA,NA,NA,2019-06-11,2019-06-11T14:21:56Z,057,0.2743603701687534,996.5333333333333,0.040999999999999925,0.02499999999999991
0.79,2.878,2,2,0.2,51.1,0.06,122.6,0.14,80,47.28,6.92,15.115,2.884,NA,NA,NA,2019-06-11,2019-06-11T14:21:57Z,057,0.27823897659227004,996.4,0.0259999999999998,0.03400000000000025
0.78,2.927,1.9,1.9,0.19,49.4,0.06,123.7,0.2,80,48.52,6.91,14.901,2.927,NA,NA,NA,2019-06-11,2019-06-11T14:21:59Z,057,0.2830702231899837,996.5333333333333,0.007000000000000117,0.0129999999999999
0.78,2.934,1.9,1.9,0.19,48.7,0.06,123.9,0.18,81,47.35,6.9,14.849,2.94,NA,NA,NA,2019-06-11,2019-06-11T14:22:00Z,057,0.2836826347305389,996.5333333333333,0.016999999999999904,0.02499999999999991
0.79,2.951,1.9,1.9,0.19,47.9,0.06,124.5,0.19,81,48.14,6.9,14.745,2.965,NA,NA,NA,2019-06-11,2019-06-11T14:22:01Z,057,0.28538377789874797,996.5333333333333,0.03399999999999981,0.02900000000000036
0.82,2.985,1.9,1.9,0.19,47,0.06,125.3,0.18,81,48.27,6.89,14.633,2.994,NA,NA,NA,2019-06-11,2019-06-11T14:22:02Z,057,0.28864997278170934,996.5333333333333,0.026000000000000245,0.03599999999999959
0.81,3.011,1.8,1.8,0.19,46.1,0.06,125.8,0.18,82,48.43,6.89,14.604,3.03,NA,NA,NA,2019-06-11,2019-06-11T14:22:03Z,057,0.2911676646706587,996.5333333333333,0.05099999999999971,0.050000000000000266
0.81,3.062,1.8,1.8,0.19,45.1,0.06,126.6,0.15,82,48.93,6.88,14.515,3.08,NA,NA,NA,2019-06-11,2019-06-11T14:22:04Z,057,0.2960669569951007,996.5333333333333,0.038000000000000256,0.019000000000000128
0.81,3.111,1.8,1.8,0.18,41.4,0.06,128.2,0.22,83,53.33,6.86,14.496,3.114,NA,NA,NA,2019-06-11,2019-06-11T14:22:08Z,057,0.300830157866086,996.5333333333333,0.0349999999999997,0.07000000000000028
0.76,3.146,1.7,1.7,0.18,40.5,0.06,129.1,0.21,84,38.78,6.86,14.452,3.184,NA,NA,NA,2019-06-11,2019-06-11T14:22:09Z,057,0.3042324442025041,996.5333333333333,0.07299999999999995,0.03299999999999992
0.79,3.223,1.7,1.7,0.17,38.7,0.06,131.3,0.15,85,42.81,6.84,14.18,3.225,NA,NA,NA,2019-06-11,2019-06-11T14:22:11Z,057,0.31171747414262385,996.5333333333333,0.009000000000000341,0.021999999999999797
0.77,3.232,1.7,1.7,0.17,37.3,0.06,131.5,0.14,85,45.53,6.83,14.232,3.247,NA,NA,NA,2019-06-11,2019-06-11T14:22:12Z,057,0.3125340228633642,996.5333333333333,0.04699999999999971,0.05600000000000005
0.79,3.279,1.6,1.6,0.17,36.1,0.06,133.2,0.13,87,38.21,6.83,14.14,3.303,NA,NA,NA,2019-06-11,2019-06-11T14:22:13Z,057,0.3170930865541644,996.5333333333333,0.04899999999999993,0.03600000000000003
0.76,3.328,1.6,1.6,0.17,34.7,0.06,134.6,0.14,87,44.18,6.82,14.094,3.339,NA,NA,NA,2019-06-11,2019-06-11T14:22:14Z,057,0.32178824169842135,996.5333333333333,0.03200000000000003,0.05699999999999994
0.75,3.36,1.6,1.6,0.16,34,0.06,134.9,0.18,88,40.33,6.82,14.066,3.396,NA,NA,NA,2019-06-11,2019-06-11T14:22:15Z,057,0.3249863908546543,996.4,0.06899999999999995,0.03000000000000025
0.73,3.432,1.6,1.6,0.16,31.3,0.06,136.7,0.16,89,41.39,6.81,13.942,3.431,NA,NA,NA,2019-06-11,2019-06-11T14:22:17Z,057,0.3319270549809472,996.5333333333333,0.002000000000000224,0.01100000000000012
0.74,3.434,1.5,1.5,0.16,29.9,0.06,137.1,0.15,89,41.06,6.8,13.906,3.442,NA,NA,NA,2019-06-11,2019-06-11T14:22:18Z,057,0.3321311921611323,996.5333333333333,0.016999999999999904,0.028000000000000025
0.74,3.451,1.5,1.5,0.16,29,0.06,137.6,0.12,89,42.24,6.8,13.85,3.47,NA,NA,NA,2019-06-11,2019-06-11T14:22:19Z,057,0.3338323353293413,996.5333333333333,0.04899999999999993,0.03399999999999981
0.77,3.5,1.5,1.5,0.16,27.5,0.07,138.8,0.12,90,42.26,6.79,13.745,3.504,NA,NA,NA,2019-06-11,2019-06-11T14:22:20Z,057,0.3384594447468699,996.5333333333333,0.019000000000000128,0.020999999999999908
0.8,3.519,1.5,1.5,0.15,26.2,0.07,139.1,0.2,90,41.2,6.79,13.714,3.525,NA,NA,NA,2019-06-11,2019-06-11T14:22:21Z,057,0.3402966793685357,996.5333333333333,0.029999999999999805,0.04600000000000026
0.81,3.549,1.5,1.5,0.15,25.1,0.07,139.4,0.18,91,42.28,6.78,13.685,3.571,NA,NA,NA,2019-06-11,2019-06-11T14:22:22Z,057,0.34329069134458357,996.5333333333333,0.04300000000000015,0.03200000000000003
0.78,3.592,1.5,1.5,0.15,23.9,0.07,139.9,0.15,91,42.7,6.78,13.681,3.603,NA,NA,NA,2019-06-11,2019-06-11T14:22:23Z,057,0.34737343494828526,996.5333333333333,0.028000000000000025,0.03399999999999981
0.74,3.62,1.5,1.5,0.15,23.1,0.07,140.2,0.16,91,41.69,6.77,13.67,3.637,NA,NA,NA,2019-06-11,2019-06-11T14:22:24Z,057,0.35016330974414805,996.4,0.03799999999999981,0.02499999999999991
0.75,3.658,1.4,1.4,0.15,21.7,0.07,140.6,0.14,91,40.71,6.77,13.634,3.662,NA,NA,NA,2019-06-11,2019-06-11T14:22:25Z,057,0.35376973326075123,996.5333333333333,0.020999999999999908,0.02499999999999991
0.79,3.679,1.4,1.4,0.15,20.6,0.07,140.9,0.15,92,39.66,6.77,13.594,3.687,NA,NA,NA,2019-06-11,2019-06-11T14:22:26Z,057,0.35587915078933047,996.5333333333333,0.015000000000000124,0.013000000000000345
0.76,3.694,1.4,1.4,0.15,19.5,0.07,141.2,0.15,92,39.7,6.76,13.571,3.7,NA,NA,NA,2019-06-11,2019-06-11T14:22:27Z,057,0.35730811105062604,996.5333333333333,0.020000000000000018,0.02400000000000002
0.76,3.714,1.4,1.4,0.14,18.4,0.07,141.5,0.14,92,40.47,6.76,13.546,3.724,NA,NA,NA,2019-06-11,2019-06-11T14:22:28Z,057,0.35921339139902014,996.5333333333333,0.019000000000000128,0.016000000000000014
0.76,3.733,1.3,1.3,0.14,17.5,0.07,141.8,0.12,92,40.52,6.76,13.521,3.74,NA,NA,NA,2019-06-11,2019-06-11T14:22:29Z,057,0.36105062602068594,996.5333333333333,0.0259999999999998,0.0479999999999996
0.77,3.759,1.3,1.3,0.14,16.2,0.07,142.2,0.12,92,36.28,6.75,13.476,3.788,NA,NA,NA,2019-06-11,2019-06-11T14:22:30Z,057,0.3635683179096353,996.4,0.10099999999999998,0.09200000000000008
0.77,3.86,1.3,1.3,0.14,15.2,0.07,142.8,0.16,93,38.1,6.75,13.382,3.88,NA,NA,NA,2019-06-11,2019-06-11T14:22:31Z,057,0.373298856831791,996.4,0.04800000000000004,0.040000000000000036
0.81,3.908,1.3,1.3,0.13,14.1,0.07,143.4,0.16,93,39.17,6.75,13.311,3.92,NA,NA,NA,2019-06-11,2019-06-11T14:22:32Z,057,0.37799401197604787,996.5333333333333,0.03600000000000003,0.050000000000000266
0.79,3.944,1.3,1.3,0.13,13,0.07,144.1,0.13,94,42.9,6.74,13.252,3.97,NA,NA,NA,2019-06-11,2019-06-11T14:22:33Z,057,0.3814643440391943,996.5333333333333,0.051000000000000156,0.04199999999999937
0.76,3.995,1.2,1.2,0.13,12.4,0.07,144.3,0.12,94,41.36,6.74,13.203,4.012,NA,NA,NA,2019-06-11,2019-06-11T14:22:34Z,057,0.38643168209036477,996.5333333333333,0.06400000000000006,0.06900000000000084
0.8,4.059,1.2,1.2,0.13,11.1,0.07,144.9,0.17,94,35.14,6.74,13.166,4.081,NA,NA,NA,2019-06-11,2019-06-11T14:22:35Z,057,0.3926238432226456,996.5333333333333,0.04800000000000004,0.034999999999999254
0.79,4.107,1.2,1.2,0.13,10.1,0.07,145.4,0.19,95,40.1,6.73,13.144,4.116,NA,NA,NA,2019-06-11,2019-06-11T14:22:36Z,057,0.3972509526401742,996.5333333333333,0.030999999999999694,0.03000000000000025
0.76,4.138,1.2,1.2,0.12,9.1,0.07,145.9,0.18,95,37.29,6.73,13.113,4.146,NA,NA,NA,2019-06-11,2019-06-11T14:22:37Z,057,0.4002449646162221,996.5333333333333,0.025000000000000355,0.0259999999999998
0.75,4.163,1.1,1.1,0.12,8.1,0.07,146.2,0.16,95,37.6,6.73,13.052,4.172,NA,NA,NA,2019-06-11,2019-06-11T14:22:38Z,057,0.40269461077844315,996.5333333333333,0.03200000000000003,0.06500000000000039
0.74,4.195,1.1,1.1,0.12,7.1,0.07,146.7,0.15,95,40.73,6.73,12.99,4.237,NA,NA,NA,2019-06-11,2019-06-11T14:22:39Z,057,0.4058247142079478,996.5333333333333,0.0829999999999993,0.04899999999999949
0.74,4.278,1.1,1.1,0.11,6.3,0.07,147.1,0.14,96,40.63,6.73,12.935,4.286,NA,NA,NA,2019-06-11,2019-06-11T14:22:40Z,057,0.41385410996189437,996.5333333333333,0.02400000000000002,0.016000000000000014
0.73,4.307,1.1,1.1,0.11,4.6,0.07,147.9,0.14,96,37.25,6.72,12.842,4.309,NA,NA,NA,2019-06-11,2019-06-11T14:22:42Z,057,0.4166439847577572,996.5333333333333,0.043999999999999595,0.09100000000000019
0.85,4.351,1,1,0.11,3.8,0.07,148.4,0.14,96,35.81,6.72,12.818,4.4,NA,NA,NA,2019-06-11,2019-06-11T14:22:43Z,057,0.4208628198149156,996.5333333333333,0.0990000000000002,0.058999999999999275
0.86,4.45,1,1,0.11,3,0.07,149.7,0.13,97,38.13,6.72,12.759,4.459,NA,NA,NA,2019-06-11,2019-06-11T14:22:44Z,057,0.43045726728361455,996.5333333333333,0.027000000000000135,0.020000000000000462
0.73,4.477,1,1,0.11,2,0.07,150.2,0.08,98,42.66,6.72,12.724,4.479,NA,NA,NA,2019-06-11,2019-06-11T14:22:45Z,057,0.4330430048992923,996.5333333333333,0.021999999999999353,0.04600000000000026
0.7,4.499,1,1,0.11,1.1,0.07,150.8,0.1,98,38.85,6.71,12.688,4.525,NA,NA,NA,2019-06-11,2019-06-11T14:22:46Z,057,0.4352204681545999,996.5333333333333,0.07699999999999996,0.07299999999999951
0.74,4.576,1,1,0.11,0.3,0.07,151.3,0.17,98,39.43,6.71,12.654,4.598,NA,NA,NA,2019-06-11,2019-06-11T14:22:47Z,057,0.4426374523679913,996.5333333333333,0.06099999999999994,0.06599999999999984
0.75,4.637,1,1,0.11,-0.6,0.07,151.8,0.14,99,38.41,6.71,12.64,4.664,NA,NA,NA,2019-06-11,2019-06-11T14:22:48Z,057,0.44855743059335873,996.5333333333333,0.06500000000000039,0.057000000000000384
0.74,4.702,1,1,0.1,-1.4,0.07,152,0.11,99,37.93,6.71,12.626,4.721,NA,NA,NA,2019-06-11,2019-06-11T14:22:49Z,057,0.4547495917256396,996.5333333333333,0.051000000000000156,0.04099999999999948
0.8,4.753,0.9,0.9,0.1,-2.3,0.07,152.2,0.1,99,38.02,6.7,12.623,4.762,NA,NA,NA,2019-06-11,2019-06-11T14:22:50Z,057,0.45978497550353836,996.5333333333333,0.02200000000000024,0.01100000000000012
0.81,4.775,0.9,0.9,0.1,-3.1,0.07,152.5,0.11,99,37.96,6.7,12.619,4.773,NA,NA,NA,2019-06-11,2019-06-11T14:22:51Z,057,0.4618943930321176,996.4,0.0039999999999995595,0.017000000000000348
0.74,4.779,0.9,0.9,0.1,-4,0.07,152.6,0.12,99,39.58,6.7,12.619,4.79,NA,NA,NA,2019-06-11,2019-06-11T14:22:52Z,057,0.4622346216657594,996.4,0.040000000000000036,0.051000000000000156
0.74,4.819,0.9,0.9,0.1,-4.7,0.07,152.9,0.15,99,41.2,6.7,12.61,4.841,NA,NA,NA,2019-06-11,2019-06-11T14:22:53Z,057,0.46611322808927597,996.4,0.05600000000000005,0.05999999999999961
0.75,4.875,0.9,0.9,0.1,-5.4,0.07,153.4,0.17,100,40.98,6.7,12.586,4.901,NA,NA,NA,2019-06-11,2019-06-11T14:22:54Z,057,0.4715568862275449,996.5333333333333,0.06700000000000017,0.052999999999999936
0.73,4.942,0.9,0.9,0.1,-6.3,0.07,153.8,0.16,100,41.76,6.7,12.552,4.954,NA,NA,NA,2019-06-11,2019-06-11T14:22:55Z,057,0.47802123026673926,996.4,0.04699999999999971,0.0810000000000004
0.72,4.989,0.9,0.9,0.1,-7,0.07,154.1,0.12,100,41.53,6.69,12.534,5.035,NA,NA,NA,2019-06-11,2019-06-11T14:22:56Z,057,0.48258029395753943,996.5333333333333,0.1120000000000001,0.09299999999999997
0.71,5.101,0.9,0.9,0.1,-7.7,0.07,154.5,0.15,100,39.16,6.69,12.514,5.128,NA,NA,NA,2019-06-11,2019-06-11T14:22:57Z,057,0.49339956450734895,996.4,0.06799999999999962,0.06700000000000017
0.74,5.169,0.9,0.9,0.1,-8.4,0.07,154.9,0.19,101,38.89,6.69,12.471,5.195,NA,NA,NA,2019-06-11,2019-06-11T14:22:58Z,057,0.5,996.5333333333333,0.05400000000000027,0.02799999999999958
0.73,5.223,0.9,0.9,0.1,-9.1,0.07,155,0.15,101,39.39,6.69,12.464,5.223,NA,NA,NA,2019-06-11,2019-06-11T14:22:59Z,057,0.5052395209580838,996.5333333333333,0.02400000000000002,0.04300000000000015
0.72,5.247,0.9,0.9,0.09,-9.8,0.07,155.1,0.14,101,38.66,6.69,12.487,5.266,NA,NA,NA,2019-06-11,2019-06-11T14:23:00Z,057,0.5075530756668482,996.5333333333333,0.04400000000000048,0.04600000000000026
0.79,5.291,0.9,0.9,0.09,-10.5,0.07,155.3,0.11,101,39.57,6.69,12.491,5.312,NA,NA,NA,2019-06-11,2019-06-11T14:23:01Z,057,0.5118399564507349,996.4,0.05600000000000005,0.04699999999999971
0.78,5.347,0.9,0.9,0.09,-11.2,0.07,155.3,0.12,101,40.68,6.69,12.47,5.359,NA,NA,NA,2019-06-11,2019-06-11T14:23:02Z,057,0.5172155688622755,996.5333333333333,0.026999999999999247,0.022999999999999687
0.71,5.374,0.8,0.8,0.09,-11.8,0.07,155.4,0.11,101,40.21,6.69,12.46,5.382,NA,NA,NA,2019-06-11,2019-06-11T14:23:03Z,057,0.5198693522046816,996.4,0.05800000000000072,0.06500000000000039
0.72,5.432,0.8,0.8,0.09,-12.4,0.07,155.8,0.09,101,37.94,6.69,12.434,5.447,NA,NA,NA,2019-06-11,2019-06-11T14:23:04Z,057,0.5254491017964072,996.4,0.02799999999999958,0.02799999999999958
0.71,5.46,0.8,0.8,0.09,-12.9,0.07,156,0.13,101,38.67,6.68,12.432,5.475,NA,NA,NA,2019-06-11,2019-06-11T14:23:05Z,057,0.5281709308655417,996.5333333333333,0.05799999999999983,0.07400000000000073
0.71,5.518,0.8,0.8,0.09,-13.6,0.07,156.3,0.12,102,42.69,6.68,12.426,5.549,NA,NA,NA,2019-06-11,2019-06-11T14:23:06Z,057,0.5337506804572674,996.5333333333333,0.06099999999999994,0.030999999999999694
0.72,5.579,0.8,0.8,0.09,-14.2,0.07,156.7,0.1,102,33.66,6.68,12.382,5.58,NA,NA,NA,2019-06-11,2019-06-11T14:23:07Z,057,0.5396706586826348,996.6666666666666,0.010000000000000675,0.0129999999999999
0.7,5.589,0.8,0.8,0.09,-14.8,0.07,156.8,0.12,102,42.57,6.68,12.385,5.593,NA,NA,NA,2019-06-11,2019-06-11T14:23:08Z,057,0.5406232988568318,996.2666666666668,0.030999999999999694,0.04900000000000038
0.71,5.62,0.8,0.8,0.08,-15.5,0.07,156.8,0.15,102,39.64,6.68,12.395,5.642,NA,NA,NA,2019-06-11,2019-06-11T14:23:09Z,057,0.543685356559608,996.5333333333333,0.04699999999999971,0.03599999999999959
0.74,5.667,0.8,0.8,0.08,-16.1,0.07,157.2,0.14,102,39.06,6.68,12.367,5.678,NA,NA,NA,2019-06-11,2019-06-11T14:23:10Z,057,0.5482444202504083,996.5333333333333,0.028999999999999915,0.038000000000000256
0.77,5.696,0.8,0.8,0.08,-16.8,0.07,157.5,0.13,102,39.97,6.68,12.35,5.716,NA,NA,NA,2019-06-11,2019-06-11T14:23:11Z,057,0.5509662493195427,996.4,0.06200000000000028,0.052999999999999936
0.76,5.758,0.8,0.8,0.08,-17.3,0.07,157.8,0.14,103,38.34,6.68,12.341,5.769,NA,NA,NA,2019-06-11,2019-06-11T14:23:12Z,057,0.557022318998367,996.4,0.03200000000000003,0.024999999999999467
0.7,5.79,0.7,0.7,0.08,-17.9,0.07,158.1,0.14,103,36.31,6.68,12.304,5.794,NA,NA,NA,2019-06-11,2019-06-11T14:23:13Z,057,0.5600843767011432,996.5333333333333,0.02799999999999958,0.05400000000000027
0.7,5.818,0.7,0.7,0.08,-18.4,0.08,158.6,0.13,103,41.02,6.68,12.285,5.848,NA,NA,NA,2019-06-11,2019-06-11T14:23:14Z,057,0.5628062057702777,996.5333333333333,0.08300000000000018,0.07800000000000029
0.71,5.901,0.7,0.7,0.08,-19,0.08,159.3,0.14,104,33.99,6.68,12.252,5.926,NA,NA,NA,2019-06-11,2019-06-11T14:23:15Z,057,0.5708356015242242,996.5333333333333,0.04600000000000026,0.03599999999999959
0.71,5.947,0.7,0.7,0.08,-19.5,0.08,160,0.14,104,37.35,6.68,12.207,5.962,NA,NA,NA,2019-06-11,2019-06-11T14:23:16Z,057,0.5752585737615679,996.4,0.05600000000000005,0.06599999999999984
0.72,6.003,0.7,0.7,0.08,-20,0.08,160.7,0.15,104,38.95,6.68,12.191,6.028,NA,NA,NA,2019-06-11,2019-06-11T14:23:17Z,057,0.5807022318998367,996.5333333333333,0.04600000000000026,0.03500000000000014
0.71,6.049,0.7,0.7,0.08,-20.5,0.08,161.1,0.15,105,39.97,6.68,12.166,6.063,NA,NA,NA,2019-06-11,2019-06-11T14:23:18Z,057,0.5851252041371802,996.5333333333333,0.0649999999999995,0.09500000000000064
0.73,6.114,0.7,0.7,0.07,-21,0.08,161.7,0.14,105,39.62,6.68,12.15,6.158,NA,NA,NA,2019-06-11,2019-06-11T14:23:19Z,057,0.5914534567229178,996.5333333333333,0.09200000000000053,0.058999999999999275
0.75,6.206,0.7,0.7,0.07,-21.6,0.08,162.4,0.16,106,37.62,6.68,12.135,6.217,NA,NA,NA,2019-06-11,2019-06-11T14:23:20Z,057,0.6003674469243332,996.4,0.03200000000000003,0.029000000000000803
0.73,6.238,0.7,0.7,0.07,-22.1,0.08,162.4,0.17,106,38.87,6.68,12.15,6.246,NA,NA,NA,2019-06-11,2019-06-11T14:23:21Z,057,0.6034975503538378,996.4,0.020999999999999908,0.013999999999999346
0.71,6.259,0.7,0.7,0.07,-22.7,0.08,162.3,0.15,105,38.17,6.67,12.169,6.26,NA,NA,NA,2019-06-11,2019-06-11T14:23:22Z,057,0.6051306477953186,996.5333333333333,0.0129999999999999,0.03900000000000059
0.7,6.272,0.7,0.7,0.07,-23.2,0.08,162.3,0.13,105,38.91,6.67,12.174,6.299,NA,NA,NA,2019-06-11,2019-06-11T14:23:23Z,057,0.6066956995100709,996.5333333333333,0.054999999999999716,0.058999999999999275
0.72,6.327,0.6,0.6,0.07,-23.7,0.08,162.6,0.13,106,40.79,6.67,12.168,6.358,NA,NA,NA,2019-06-11,2019-06-11T14:23:24Z,057,0.6120713119216112,996.5333333333333,0.05999999999999961,0.028999999999999915
0.85,6.387,0.6,0.6,0.07,-24.2,0.08,162.7,0.26,106,43.02,6.67,12.163,6.387,NA,NA,NA,2019-06-11,2019-06-11T14:23:25Z,057,0.617855198693522,996.4,0.013000000000000789,0.019000000000000128
0.86,6.4,0.6,0.6,0.07,-24.6,0.08,162.8,0.28,106,294.91,6.67,12.159,6.406,NA,NA,NA,2019-06-11,2019-06-11T14:23:26Z,057,0.619148067501361,996.5333333333333,0.019999999999999574,0.020999999999999908
0.73,6.42,0.6,0.6,0.07,-25,0.08,163.1,0.16,106,84.01,6.67,12.147,6.427,NA,NA,NA,2019-06-11,2019-06-11T14:23:27Z,057,0.6210533478497551,996.5333333333333,0.01499999999999968,0.012000000000000455
0.86,6.447,0.6,0.6,0.07,-26.1,0.08,163.3,0.22,106,74.43,6.67,12.146,6.449,NA,NA,NA,2019-06-11,2019-06-11T14:23:29Z,057,0.6236390854654327,996.5333333333333,0.006999999999999673,0.012000000000000455
0.95,6.454,0.7,0.7,0.07,-26.5,0.08,163.4,0.28,106,56.14,6.67,12.151,6.461,NA,NA,NA,2019-06-11,2019-06-11T14:23:30Z,057,0.6243875884594448,996.4,0.015000000000000568,0.011999999999999567
1.01,6.482,0.7,0.7,0.07,-27.7,0.08,163.6,0.43,106,76.77,6.67,12.127,6.484,NA,NA,NA,2019-06-11,2019-06-11T14:23:33Z,057,0.6270413718018508,996.5333333333333,0.024999999999999467,0.04100000000000037
0.95,6.507,0.7,0.7,0.07,-28.2,0.08,163.7,0.3,106,100.71,6.67,12.118,6.525,NA,NA,NA,2019-06-11,2019-06-11T14:23:34Z,057,0.6294910179640718,996.5333333333333,0.036000000000000476,0.019999999999999574
0.85,6.543,0.7,0.7,0.07,-28.6,0.08,163.8,0.33,106,77.8,6.67,12.107,6.545,NA,NA,NA,2019-06-11,2019-06-11T14:23:35Z,057,0.63289330430049,996.5333333333333,0.01100000000000012,0.016000000000000014
