chlorophyll_RFU,depth_m,doSaturation_percent,ODO...local,doConcentration_mgpL,orp_mV,salinity_psu,specificConductivity_uSpcm,phycocyaninBGA_RFU,tds_mgpL,turbidity_FNU,TSS.mg.L,pH,temp_degC,verticalPosition_m,latitude,longitude,altitude_m,date,dateTime,MULakeNumber,waterPressure_barA,barometerAirHandheld_mbars,depthDiff_m,verticalPositionDiff_m
0.86,-0.062,79.7,79.7,6.1,108.1,0.12,247.2,0.34,161,0.61,0,8.17,29.258,-0.056,37.89885,-93.31596,254.9,2019-07-19,2019-07-19T12:38:06Z,092,NA,986,0.04,0.05
0.83,-0.022,79.7,79.7,6.1,108.2,0.12,247.4,0.32,161,0.61,0,8.17,29.26,-0.006,37.89885,-93.31596,255.2,2019-07-19,2019-07-19T12:38:07Z,092,NA,986.1333333333333,0.053,0.079
0.83,0.103,79.4,79.4,6.08,108.2,0.12,247.4,0.24,161,0.5,0,8.16,29.268,0.113,37.89886,-93.31596,255.8,2019-07-19,2019-07-19T12:38:10Z,092,0.009934676102340773,985.8666666666667,0.05,0.052000000000000005
0.85,0.153,79.4,79.4,6.07,108.3,0.12,247.5,0.25,161,0.48,0,8.16,29.268,0.165,37.89886,-93.31596,255.8,2019-07-19,2019-07-19T12:38:11Z,092,0.014765922700054437,986.1333333333333,0.048000000000000015,0.037000000000000005
0.83,0.215,79.2,79.2,6.06,108.3,0.12,247.4,0.31,161,0.62,0,8.16,29.275,0.215,37.89887,-93.31594,256.4,2019-07-19,2019-07-19T12:38:15Z,092,0.020753946652150246,986.1333333333333,0.05200000000000002,0.06999999999999998
0.87,0.281,79.2,79.2,6.06,108.4,0.12,247.3,0.33,161,0.63,0,8.16,29.277,0.273,37.89887,-93.31594,256.9,2019-07-19,2019-07-19T12:38:17Z,092,0.027082199237887863,986.1333333333333,0.023999999999999966,0.04799999999999999
0.9,0.305,79.2,79.2,6.06,108.4,0.12,247.5,0.35,161,0.62,0,8.17,29.272,0.321,37.89888,-93.31594,257,2019-07-19,2019-07-19T12:38:18Z,092,0.02939575394665215,985.8666666666667,0.05099999999999999,0.043999999999999984
0.85,0.356,79.1,79.1,6.06,108.4,0.12,247.5,0.29,161,0.51,0,8.17,29.264,0.365,37.89888,-93.31593,257.3,2019-07-19,2019-07-19T12:38:19Z,092,0.03429504627109418,985.8666666666667,0.04500000000000004,0.046999999999999986
0.9,0.401,79.1,79.1,6.05,108.4,0.12,247.5,0.21,161,0.48,0,8.17,29.254,0.412,37.89888,-93.31593,257.5,2019-07-19,2019-07-19T12:38:20Z,092,0.038581927054980945,986.1333333333333,0.05099999999999999,0.067
0.97,0.538,78.9,78.9,6.04,108.3,0.12,247.5,0.31,161,0.48,0,8.17,29.248,0.547,37.89889,-93.31593,257.3,2019-07-19,2019-07-19T12:38:24Z,092,0.051918889493739795,986,0.03399999999999992,0.05699999999999994
0.89,0.594,78.9,78.9,6.04,108.2,0.12,247.6,0.31,161,0.51,0,8.17,29.246,0.577,37.89889,-93.31593,257.3,2019-07-19,2019-07-19T12:38:26Z,092,0.05722645617855199,986.1333333333333,0.03700000000000003,0.08900000000000008
0.93,0.588,78.8,78.8,6.03,108.3,0.12,247.5,0.39,161,0.6,0,8.17,29.246,0.512,37.8989,-93.31592,257.3,2019-07-19,2019-07-19T12:38:28Z,092,0.056682090364725095,986.1333333333333,-0.03199999999999992,0.07799999999999996
0.94,0.556,78.8,78.8,6.03,108.4,0.12,247.5,0.4,161,0.64,0,8.17,29.253,0.59,37.8989,-93.31592,257.8,2019-07-19,2019-07-19T12:38:29Z,092,0.053620032661948834,986,0.10999999999999999,0.127
0.91,0.713,78.8,78.8,6.03,108.5,0.12,247.5,0.3,161,0.55,0,8.17,29.263,0.71,37.8989,-93.31592,257.6,2019-07-19,2019-07-19T12:38:31Z,092,0.06872618399564508,986,0.039000000000000035,0.061000000000000054
0.91,0.752,78.8,78.8,6.03,108.6,0.12,247.6,0.36,161,0.54,0,8.17,29.265,0.771,37.89891,-93.31592,257.6,2019-07-19,2019-07-19T12:38:32Z,092,0.07246869896570494,986.1333333333333,0.04500000000000004,0.039000000000000035
0.93,0.797,78.8,78.8,6.03,108.6,0.12,247.6,0.4,161,0.49,0,8.18,29.26,0.81,37.89891,-93.31591,257.5,2019-07-19,2019-07-19T12:38:33Z,092,0.07682362547632009,986,0.04799999999999993,0.04899999999999993
0.95,0.845,78.8,78.8,6.03,108.6,0.12,247.6,0.38,161,0.58,0,8.18,29.244,0.859,37.89891,-93.31591,257.6,2019-07-19,2019-07-19T12:38:34Z,092,0.08145073489384867,986.1333333333333,0.03500000000000003,0.03200000000000003
1.02,0.88,78.8,78.8,6.03,108.7,0.12,247.6,0.34,161,0.57,0,8.18,29.235,0.891,37.89891,-93.31591,257.6,2019-07-19,2019-07-19T12:38:35Z,092,0.08485302123026675,986,0.052000000000000046,0.06799999999999995
1.06,0.932,78.7,78.7,6.03,108.7,0.12,247.7,0.32,161,0.51,0,8.18,29.232,0.959,37.89892,-93.31591,257.6,2019-07-19,2019-07-19T12:38:36Z,092,0.08982035928143713,986,0.04999999999999993,0.07100000000000006
1.02,1.055,78.7,78.7,6.02,108.9,0.12,247.7,0.41,161,0.55,0,8.18,29.235,1.049,37.89892,-93.3159,257.1,2019-07-19,2019-07-19T12:38:38Z,092,0.1017283614589004,986,0.08800000000000008,0.15900000000000003
1.02,1.143,78.7,78.7,6.02,108.9,0.12,247.6,0.42,161,0.55,0,8.18,29.238,1.208,37.89893,-93.3159,257.1,2019-07-19,2019-07-19T12:38:39Z,092,0.11016603157321721,986,0.09200000000000008,0.03500000000000014
1.02,1.235,78.7,78.7,6.02,109,0.12,247.6,0.4,161,0.59,0,8.18,29.241,1.243,37.89893,-93.3159,256.9,2019-07-19,2019-07-19T12:38:40Z,092,0.1190119760479042,986,0.04399999999999982,0.04299999999999993
1.04,1.279,78.7,78.7,6.02,109.2,0.12,247.6,0.43,161,0.54,0,8.18,29.249,1.286,37.89893,-93.3159,257,2019-07-19,2019-07-19T12:38:41Z,092,0.12329885683179097,986.1333333333333,0.029000000000000137,0.09199999999999986
1.08,1.393,78.7,78.7,6.02,109.3,0.12,247.5,0.4,161,0.65,0,8.18,29.249,1.387,37.89894,-93.31589,257.4,2019-07-19,2019-07-19T12:38:43Z,092,0.13425421883505717,985.8666666666667,0.06800000000000006,0.1060000000000001
1.09,1.513,78.7,78.7,6.02,109.6,0.12,247.6,0.35,161,0.52,0,8.18,29.251,1.511,37.89895,-93.31589,257.8,2019-07-19,2019-07-19T12:38:46Z,092,0.1458219923788786,986.1333333333333,0.017000000000000126,0.03500000000000014
1.09,1.554,78.7,78.7,6.02,109.8,0.12,247.6,0.35,161,0.61,0,8.18,29.254,1.556,37.89895,-93.31588,258.5,2019-07-19,2019-07-19T12:38:48Z,092,0.14983669025585195,986.1333333333333,0.030000000000000027,0.04400000000000004
1.1,1.584,78.7,78.7,6.02,109.8,0.12,247.5,0.37,161,0.58,0,8.18,29.261,1.6,37.89895,-93.31588,258.9,2019-07-19,2019-07-19T12:38:49Z,092,0.15269461077844312,986.1333333333333,0.04499999999999993,0.05499999999999994
1.1,1.662,78.7,78.7,6.03,110,0.12,247.6,0.4,161,0.63,0,8.18,29.268,1.661,37.89896,-93.31588,259,2019-07-19,2019-07-19T12:38:51Z,092,0.16024768644529125,986.1333333333333,0.04800000000000004,0.08899999999999997
1.13,1.774,78.7,78.7,6.02,110.2,0.12,247.5,0.42,161,0.56,0,8.19,29.255,1.76,37.89897,-93.31588,259.4,2019-07-19,2019-07-19T12:38:54Z,092,0.17099891126837236,986,0.04299999999999993,0.08099999999999996
1.15,1.817,78.7,78.7,6.02,110.4,0.12,247.7,0.43,161,0.44,0,8.18,29.232,1.841,37.89897,-93.31588,259.5,2019-07-19,2019-07-19T12:38:55Z,092,0.17508165487207403,986.2666666666668,0.03200000000000003,0.03200000000000003
1.13,1.849,78.6,78.6,6.02,110.5,0.12,247.6,0.38,161,0.56,0,8.18,29.22,1.873,37.89897,-93.31588,259.4,2019-07-19,2019-07-19T12:38:56Z,092,0.17821175830157868,986.1333333333333,0.08800000000000008,0.09499999999999997
1.14,1.937,78.6,78.6,6.02,110.6,0.12,247.4,0.36,161,0.68,0,8.18,29.22,1.968,37.89898,-93.31588,259.5,2019-07-19,2019-07-19T12:38:57Z,092,0.18671747414262385,986,0.08699999999999997,0.07900000000000018
1.16,2.024,78.5,78.5,6.01,110.6,0.12,247.4,0.35,161,0.54,0,8.18,29.221,2.047,37.89898,-93.31587,259.5,2019-07-19,2019-07-19T12:38:58Z,092,0.1950870985302123,986.1333333333333,0.06199999999999983,0.052000000000000046
1.14,2.086,78.5,78.5,6.01,110.7,0.12,247.6,0.28,161,0.52,0,8.18,29.222,2.099,37.89898,-93.31587,259.6,2019-07-19,2019-07-19T12:38:59Z,092,0.20107512248230813,986,0.06200000000000028,0.097999999999999865
1.14,2.148,78.5,78.5,6.01,110.7,0.12,247.6,0.31,161,0.57,0,8.18,29.222,2.197,37.89898,-93.31587,259.6,2019-07-19,2019-07-19T12:39:00Z,092,0.20706314643440393,986.2666666666668,0.09299999999999997,0.05600000000000005
1.16,2.241,78.5,78.5,6.01,110.8,0.12,247.5,0.39,161,0.56,0,8.19,29.218,2.253,37.89899,-93.31587,259.7,2019-07-19,2019-07-19T12:39:01Z,092,0.21597713663581927,986.1333333333333,0.06400000000000006,0.05799999999999983
1.13,2.305,78.5,78.5,6.01,110.9,0.12,247.6,0.36,161,0.57,0,8.19,29.219,2.311,37.89899,-93.31587,259.9,2019-07-19,2019-07-19T12:39:02Z,092,0.22216929776810018,986.1333333333333,0.04899999999999993,0.05500000000000016
1.13,2.335,78.4,78.4,6,111,0.12,247.7,0.33,161,0.59,0,8.19,29.216,2.331,37.89899,-93.31587,259.9,2019-07-19,2019-07-19T12:39:04Z,092,0.22502721829069133,986.1333333333333,0.08499999999999996,0.15700000000000003
1.12,2.42,78.4,78.4,6,111.1,0.12,247.7,0.38,161,0.69,0,8.19,29.212,2.488,37.899,-93.31587,260,2019-07-19,2019-07-19T12:39:05Z,092,0.2332607512248231,986.1333333333333,0.15200000000000014,0.08899999999999997
1.12,2.572,78.3,78.3,6,111.3,0.12,247.8,0.43,161,0.71,0,8.18,29.205,2.577,37.899,-93.31587,260.2,2019-07-19,2019-07-19T12:39:06Z,092,0.2478905824714208,986.2666666666668,0.0259999999999998,0.04300000000000015
1.14,2.598,78.3,78.3,6,111.4,0.12,248,0.42,161,0.58,0,8.18,29.191,2.62,37.899,-93.31586,260.4,2019-07-19,2019-07-19T12:39:07Z,092,0.25040827436037016,986.2666666666668,0.05600000000000005,0.042999999999999705
1.16,2.654,78.2,78.2,5.99,111.4,0.12,248,0.4,161,0.72,0,8.18,29.182,2.663,37.899,-93.31586,260.4,2019-07-19,2019-07-19T12:39:08Z,092,0.2558519324986391,986,0.03400000000000025,0.039000000000000146
1.18,2.712,78.1,78.1,5.99,111.4,0.12,247.8,0.41,161,0.57,0,8.18,29.182,2.71,37.899,-93.31586,259,2019-07-19,2019-07-19T12:39:10Z,092,0.2614316820903647,986,0.020000000000000018,0.03299999999999992
1.13,2.747,77.9,77.9,5.97,111.6,0.12,247.8,0.42,161,0.7,0,8.18,29.159,2.748,37.89901,-93.31586,258.8,2019-07-19,2019-07-19T12:39:13Z,092,0.26476592270005445,986.1333333333333,0.03699999999999992,0.04999999999999982
1.13,2.784,77.9,77.9,5.97,111.8,0.12,247.9,0.45,161,0.72,0,8.18,29.151,2.798,37.89901,-93.31586,258.9,2019-07-19,2019-07-19T12:39:14Z,092,0.2683723462166576,986.1333333333333,0.03100000000000014,0.052000000000000046
1.12,2.836,77.8,77.8,5.96,112,0.12,247.8,0.36,161,0.68,0,8.18,29.154,2.834,37.89901,-93.31585,258.8,2019-07-19,2019-07-19T12:39:16Z,092,0.2734077299945563,986,0.039000000000000146,0.054999999999999716
1.17,2.875,77.8,77.8,5.96,112.1,0.12,247.8,0.36,161,0.59,0,8.18,29.159,2.889,37.89901,-93.31585,258.9,2019-07-19,2019-07-19T12:39:17Z,092,0.27715024496461627,986.1333333333333,0.03100000000000014,0.057000000000000384
1.18,2.906,77.8,77.8,5.96,112.2,0.12,247.7,0.41,161,0.54,0,8.18,29.162,2.946,37.89902,-93.31585,258.9,2019-07-19,2019-07-19T12:39:18Z,092,0.28014425694066414,986.1333333333333,0.08299999999999974,0.053999999999999826
1.15,2.989,77.7,77.7,5.96,112.3,0.12,247.8,0.38,161,0.55,0,8.18,29.165,3,37.89902,-93.31585,258.9,2019-07-19,2019-07-19T12:39:19Z,092,0.28803756124115404,986,0.052000000000000046,0.05699999999999994
1.15,3.063,77.4,77.4,5.94,112.7,0.12,247.8,0.4,161,0.64,0,8.17,29.117,3.039,37.89903,-93.31584,258,2019-07-19,2019-07-19T12:39:25Z,092,0.2952504082743604,986,-0.002000000000000224,0.03600000000000003
1.09,3.066,77.3,77.3,5.93,113.1,0.12,247.9,0.35,161,0.77,0,8.17,29.116,3.063,37.89904,-93.31583,258.3,2019-07-19,2019-07-19T12:39:28Z,092,0.2955906369080022,986,0.03600000000000003,0.06699999999999973
1.13,3.134,77.2,77.2,5.92,113.2,0.12,247.9,0.33,161,0.7,0,8.18,29.124,3.141,37.89905,-93.31583,258.3,2019-07-19,2019-07-19T12:39:31Z,092,0.3020549809471965,986,0.027000000000000135,0.04700000000000015
1.15,3.213,77.2,77.2,5.92,113.4,0.12,247.8,0.29,161,0.55,0,8.18,29.126,3.214,37.89905,-93.31583,258.2,2019-07-19,2019-07-19T12:39:33Z,092,0.30974414806750133,986,0.021999999999999797,0.03799999999999981
1.11,3.258,77.1,77.1,5.92,113.4,0.12,247.7,0.35,161,0.63,0,8.18,29.123,3.257,37.89905,-93.31583,257.3,2019-07-19,2019-07-19T12:39:35Z,092,0.31403102885138817,986,0.0129999999999999,0.030999999999999694
1.09,3.278,77.1,77.1,5.91,113.7,0.12,247.9,0.36,161,0.66,0,8.18,29.117,3.272,37.89906,-93.31582,256.8,2019-07-19,2019-07-19T12:39:37Z,092,0.3159363091997823,986,0.01399999999999979,0.03200000000000003
1.13,3.292,77,77,5.91,113.8,0.12,247.9,0.34,161,0.61,0,8.17,29.11,3.304,37.89906,-93.31582,256.8,2019-07-19,2019-07-19T12:39:38Z,092,0.31736526946107785,986,0.04100000000000037,0.040000000000000036
1.12,3.318,76.9,76.9,5.9,114,0.12,247.9,0.35,161,0.65,0,8.17,29.105,3.304,37.89906,-93.31581,256.3,2019-07-19,2019-07-19T12:39:40Z,092,0.3198829613500272,986,0.05600000000000005,0.12200000000000033
1.11,3.374,76.9,76.9,5.9,114.1,0.12,247.9,0.37,161,0.7,0,8.17,29.107,3.426,37.89906,-93.31581,256.3,2019-07-19,2019-07-19T12:39:41Z,092,0.3252585737615678,986,0.08400000000000007,0.05799999999999983
1.1,3.478,76.8,76.8,5.89,114.2,0.12,248.1,0.36,161,0.7,0,8.17,29.104,3.475,37.89907,-93.3158,256.2,2019-07-19,2019-07-19T12:39:43Z,092,0.3352612955906369,986,0.04699999999999971,0.07499999999999973
1.15,3.568,76.7,76.7,5.89,114.4,0.12,247.9,0.4,161,0.65,0,8.17,29.102,3.572,37.89907,-93.3158,256,2019-07-19,2019-07-19T12:39:45Z,092,0.3439711486118672,986.1333333333333,0.0259999999999998,0.03299999999999992
1.13,3.594,76.7,76.7,5.89,114.4,0.12,248,0.36,161,0.7,0,8.17,29.103,3.605,37.89908,-93.3158,255.6,2019-07-19,2019-07-19T12:39:46Z,092,0.3464888405008165,986.2666666666668,0.04800000000000004,0.06000000000000005
1.11,3.642,76.7,76.7,5.88,114.6,0.12,248,0.3,161,0.68,0,8.17,29.112,3.665,37.89908,-93.3158,255.6,2019-07-19,2019-07-19T12:39:47Z,092,0.35111594991834516,986,0.04700000000000015,0.05900000000000016
1.15,3.753,76.7,76.7,5.88,114.7,0.12,247.8,0.39,161,0.65,0,8.17,29.121,3.744,37.89908,-93.3158,254.9,2019-07-19,2019-07-19T12:39:49Z,092,0.3617991290146979,986,0.04400000000000004,0.08199999999999985
1.07,3.824,76.7,76.7,5.88,114.9,0.12,247.8,0.34,161,0.68,0,8.17,29.118,3.817,37.89909,-93.3158,254.6,2019-07-19,2019-07-19T12:39:51Z,092,0.36860370168753404,986,0.04400000000000004,0.09399999999999986
1.08,3.868,76.7,76.7,5.89,115,0.12,247.9,0.34,161,0.7,0,8.17,29.106,3.911,37.89908,-93.31579,254.4,2019-07-19,2019-07-19T12:39:52Z,092,0.3728905824714208,986,0.06300000000000017,0.04899999999999993
1.12,3.97,76.6,76.6,5.88,115.2,0.12,248.1,0.39,161,0.65,0,8.17,29.082,3.971,37.89909,-93.31579,254.4,2019-07-19,2019-07-19T12:39:54Z,092,0.3826891671203048,985.8666666666667,0.05699999999999994,0.10599999999999987
1.09,4.067,76.4,76.4,5.87,115.4,0.12,248,0.41,161,0.73,0,8.16,29.073,4.059,37.89909,-93.31578,255,2019-07-19,2019-07-19T12:39:56Z,092,0.3920794774088187,985.8666666666667,0.05999999999999961,0.09399999999999942
1.1,4.127,76.3,76.3,5.86,115.5,0.12,248.1,0.39,161,0.72,0,8.16,29.072,4.153,37.89909,-93.31578,255.5,2019-07-19,2019-07-19T12:39:57Z,092,0.3977953184540011,986,0.08700000000000063,0.10300000000000065
1.13,4.251,76.1,76.1,5.84,115.8,0.12,248.1,0.36,161,0.71,0,8.15,29.068,4.245,37.8991,-93.31577,255.6,2019-07-19,2019-07-19T12:39:59Z,092,0.4097713663581927,986,0.04299999999999926,0.09199999999999964
1.12,4.294,76,76,5.84,115.8,0.12,248.1,0.33,161,0.68,0,8.15,29.067,4.337,37.8991,-93.31578,255.6,2019-07-19,2019-07-19T12:40:00Z,092,0.4139221556886228,986.1333333333333,0.055000000000000604,0.04600000000000026
1.1,4.349,76,76,5.83,115.9,0.12,248,0.33,161,0.68,0,8.15,29.067,4.383,37.8991,-93.31578,254.4,2019-07-19,2019-07-19T12:40:01Z,092,0.4192297223734349,986,0.08800000000000008,0.07399999999999984
1.1,4.437,75.9,75.9,5.83,116.1,0.12,248,0.35,161,0.62,0,8.15,29.066,4.457,37.89911,-93.31578,254,2019-07-19,2019-07-19T12:40:02Z,092,0.42766739248775176,986,0.08699999999999974,0.10400000000000009
1.06,4.57,75.8,75.8,5.82,116.2,0.12,247.9,0.36,161,0.68,0,8.15,29.069,4.559,37.89911,-93.31578,253.5,2019-07-19,2019-07-19T12:40:04Z,092,0.44045998911268375,986,0.0699999999999994,0.11299999999999955
1.03,4.64,75.7,75.7,5.81,116.3,0.12,248,0.36,161,0.75,0,8.15,29.065,4.672,37.89911,-93.31577,253.4,2019-07-19,2019-07-19T12:40:05Z,092,0.44733260751224824,986,0.057000000000000384,0.0600000000000005
1.01,4.741,75.5,75.5,5.8,116.5,0.12,248.1,0.34,161,0.71,0,8.14,29.041,4.736,37.89911,-93.31577,253.1,2019-07-19,2019-07-19T12:40:07Z,092,0.45699510070767557,986,0.03500000000000014,0.08000000000000007
1.01,4.827,75.2,75.2,5.78,116.7,0.12,248.2,0.4,161,0.84,0,8.13,29.014,4.822,37.89911,-93.31577,252.8,2019-07-19,2019-07-19T12:40:09Z,092,0.46536472509526405,985.8666666666667,0.041999999999999815,0.07699999999999996
0.97,4.869,74.9,74.9,5.76,116.8,0.12,248.2,0.39,161,0.92,0,8.12,29.002,4.899,37.89912,-93.31577,252.8,2019-07-19,2019-07-19T12:40:10Z,092,0.46937942297223734,986,0.07600000000000051,0.07500000000000018
0.99,4.996,74.4,74.4,5.72,116.9,0.12,248.3,0.37,161,0.72,0,8.11,28.98,4.993,37.89912,-93.31577,252.5,2019-07-19,2019-07-19T12:40:12Z,092,0.4815596080566141,986,0.06199999999999939,0.09199999999999964
0.98,5.058,74.1,74.1,5.7,116.9,0.12,248.3,0.42,161,0.72,0,8.11,28.973,5.085,37.89912,-93.31576,252.6,2019-07-19,2019-07-19T12:40:13Z,092,0.4875476320087099,986,0.06200000000000028,0.04499999999999993
1,5.162,73.4,73.4,5.64,117.1,0.12,248.2,0.4,161,0.84,0,8.1,28.957,5.164,37.89913,-93.31577,252.8,2019-07-19,2019-07-19T12:40:16Z,092,0.4976183995645073,986,0.04900000000000038,0.0730000000000004
1,5.279,72.6,72.6,5.58,117.3,0.12,248.2,0.42,161,0.77,0,8.09,28.95,5.279,37.89914,-93.31576,252.9,2019-07-19,2019-07-19T12:40:20Z,092,0.508845944474687,986,0.03000000000000025,0.04100000000000037
0.96,5.309,72.4,72.4,5.57,117.4,0.12,248.3,0.39,161,0.85,0,8.09,28.947,5.32,37.89914,-93.31576,253.3,2019-07-19,2019-07-19T12:40:21Z,092,0.5117719107240065,986,0.03599999999999959,0.058999999999999275
0.93,5.345,72.3,72.3,5.56,117.5,0.12,248.3,0.33,161,0.9,0,8.09,28.944,5.379,37.89914,-93.31576,253.4,2019-07-19,2019-07-19T12:40:22Z,092,0.5153102885138814,985.8666666666667,0.09200000000000053,0.08700000000000063
0.94,5.437,72.1,72.1,5.55,117.5,0.12,248.3,0.36,161,1,0,8.09,28.939,5.466,37.89914,-93.31576,253.2,2019-07-19,2019-07-19T12:40:23Z,092,0.5241562329885684,986.1333333333333,0.06899999999999995,0.07399999999999984
0.96,5.572,71.7,71.7,5.52,117.6,0.12,248.5,0.3,162,0.93,0,8.08,28.914,5.569,37.89915,-93.31576,253.5,2019-07-19,2019-07-19T12:40:25Z,092,0.5371529667936854,986,0.04499999999999993,0.08800000000000008
0.93,5.664,71.5,71.5,5.5,117.9,0.12,248.4,0.34,161,1.02,0,8.08,28.895,5.663,37.89915,-93.31576,253.6,2019-07-19,2019-07-19T12:40:27Z,092,0.5459989112683723,986.2666666666668,0.031000000000000583,0.051000000000000156
0.95,5.695,71.3,71.3,5.49,118,0.12,248.4,0.35,161,1,0,8.08,28.889,5.714,37.89915,-93.31576,253.8,2019-07-19,2019-07-19T12:40:28Z,092,0.5490609689711486,986,0.058999999999999275,0.06199999999999939
0.92,5.793,71.2,71.2,5.48,118.2,0.12,248.2,0.31,161,0.82,0,8.08,28.878,5.79,37.89915,-93.31576,253.8,2019-07-19,2019-07-19T12:40:30Z,092,0.5584512792596625,986.1333333333333,0.03200000000000003,0.05799999999999983
0.91,5.825,71.1,71.1,5.48,118.2,0.12,248.2,0.28,161,0.76,0,8.08,28.873,5.848,37.89915,-93.31576,253.9,2019-07-19,2019-07-19T12:40:31Z,092,0.5615813826891671,986.2666666666668,0.04699999999999971,0.06299999999999972
0.95,5.872,71.1,71.1,5.48,118.3,0.12,248.2,0.29,161,0.86,0,8.08,28.867,5.911,37.89916,-93.31576,253.9,2019-07-19,2019-07-19T12:40:32Z,092,0.5660043549265106,986,0.08300000000000018,0.05000000000000071
0.93,5.955,71,71,5.47,118.4,0.12,248.3,0.3,161,0.93,0,8.07,28.86,5.961,37.89916,-93.31576,254.1,2019-07-19,2019-07-19T12:40:33Z,092,0.5740337506804573,986.2666666666668,0.06899999999999995,0.09600000000000009
0.93,6.024,70.9,70.9,5.46,118.6,0.12,248.3,0.31,161,0.85,0,8.07,28.854,6.057,37.89916,-93.31576,254.1,2019-07-19,2019-07-19T12:40:34Z,092,0.5807022318998367,986,0.07599999999999962,0.07499999999999929
0.96,6.1,70.8,70.8,5.46,118.6,0.12,248.3,0.32,161,0.79,0,8.07,28.853,6.132,37.89916,-93.31576,253.8,2019-07-19,2019-07-19T12:40:35Z,092,0.5879831246597714,986,0.08200000000000074,0.0680000000000005
0.9,6.182,70.8,70.8,5.45,118.7,0.12,248.4,0.32,161,0.77,0,8.07,28.843,6.2,37.89916,-93.31576,253.9,2019-07-19,2019-07-19T12:40:36Z,092,0.5960125204137181,986.1333333333333,0.05399999999999938,0.06199999999999939
0.92,6.275,70.7,70.7,5.45,118.9,0.12,248.2,0.32,161,0.63,0,8.07,28.823,6.274,37.89917,-93.31576,254,2019-07-19,2019-07-19T12:40:38Z,092,0.604858464888405,986,0.030999999999999694,0.04999999999999982
0.9,6.338,70.5,70.5,5.44,119.1,0.12,248.2,0.37,161,0.63,0,8.07,28.814,6.35,37.89917,-93.31576,254,2019-07-19,2019-07-19T12:40:40Z,092,0.6109825802939575,986.1333333333333,0.04600000000000026,0.04600000000000026
0.92,6.384,70.5,70.5,5.44,119.1,0.12,248.2,0.37,161,0.61,0,8.07,28.803,6.396,37.89917,-93.31576,254,2019-07-19,2019-07-19T12:40:41Z,092,0.6154735982580294,986.1333333333333,0.045999999999999375,0.05799999999999983
0.93,6.43,70.3,70.3,5.43,119.3,0.12,248.1,0.29,161,0.52,0,8.06,28.794,6.454,37.89917,-93.31576,254,2019-07-19,2019-07-19T12:40:42Z,092,0.6198965704953728,986,0.05900000000000016,0.06099999999999994
0.86,6.489,70.2,70.2,5.41,119.5,0.12,248.2,0.31,161,0.55,0,8.04,28.766,6.515,37.89917,-93.31576,254,2019-07-19,2019-07-19T12:40:43Z,092,0.6255443658138269,986.1333333333333,0.057000000000000384,0.03500000000000014
0.88,6.546,69.9,69.9,5.4,119.8,0.12,248.7,0.33,162,0.89,0,8.01,28.68,6.55,37.89917,-93.31576,254.1,2019-07-19,2019-07-19T12:40:44Z,092,0.6310560696788241,986,0.03699999999999992,0.0470000000000006
0.92,6.583,69.4,69.4,5.37,120.2,0.12,248.9,0.29,162,0.87,0,7.97,28.546,6.597,37.89918,-93.31576,254.3,2019-07-19,2019-07-19T12:40:45Z,092,0.6346624931954273,986.1333333333333,0.052999999999999936,0.06099999999999994
0.99,6.636,68.5,68.5,5.31,120.4,0.12,248.9,0.27,162,0.99,0,7.93,28.423,6.658,37.89918,-93.31576,254.6,2019-07-19,2019-07-19T12:40:46Z,092,0.6397659227000544,986.1333333333333,0.052999999999999936,0.05099999999999927
0.98,6.712,62.3,62.3,4.88,120.7,0.12,249.4,0.33,162,1.36,0,7.79,27.853,6.724,37.89918,-93.31576,255.3,2019-07-19,2019-07-19T12:40:49Z,092,0.6471829069134458,985.8666666666667,0.04900000000000038,0.06899999999999995
1.06,6.791,52.7,52.7,4.16,121.1,0.12,249.9,0.28,162,2.3,0,7.69,27.472,6.784,37.89918,-93.31576,255.4,2019-07-19,2019-07-19T12:40:51Z,092,0.6548720740337507,986,0.026999999999999247,0.05200000000000049
1.13,6.83,38.5,38.5,3.09,92.3,0.12,250,0.3,163,3.56,0,7.56,26.619,6.837,37.89919,-93.31577,254.8,2019-07-19,2019-07-19T12:40:54Z,092,0.6588187261839957,986.1333333333333,0.03200000000000003,0.04400000000000048
1.15,6.862,34.9,34.9,2.81,78.5,0.12,250.3,0.3,163,3.32,0,7.52,26.303,6.881,37.89919,-93.31577,254.4,2019-07-19,2019-07-19T12:40:55Z,092,0.6620168753402286,986.1333333333333,0.03500000000000014,0.03599999999999959
1.14,6.897,30.7,30.7,2.49,76.1,0.12,250.9,0.31,163,3.17,0,7.48,25.979,6.917,37.89919,-93.31577,254.6,2019-07-19,2019-07-19T12:40:56Z,092,0.6654191616766467,986.1333333333333,0.04499999999999993,0.03500000000000014
1.09,6.942,27.9,27.9,2.27,54.7,0.12,250.7,0.33,163,2.47,0,7.46,25.791,6.952,37.89919,-93.31577,254.7,2019-07-19,2019-07-19T12:40:57Z,092,0.6697740881872618,986.1333333333333,0.05999999999999961,0.08900000000000041
0.97,7.062,21.4,21.4,1.77,21.5,0.12,250,0.14,162,1.62,0,7.38,24.703,7.061,37.8992,-93.31577,254.3,2019-07-19,2019-07-19T12:41:00Z,092,0.6816140446379967,986.1333333333333,0.03799999999999937,0.04300000000000015
0.91,7.129,16,16,1.34,0.9,0.12,248.8,0.2,162,1.37,0,7.32,24.092,7.129,37.8992,-93.31578,254.1,2019-07-19,2019-07-19T12:41:03Z,092,0.6881464344039194,985.8666666666667,0.03000000000000025,0.04500000000000082
0.9,7.187,13.4,13.4,1.13,-3,0.12,248.6,0.22,162,1.17,0,7.29,23.846,7.192,37.89921,-93.31578,254.4,2019-07-19,2019-07-19T12:41:05Z,092,0.6937261839956451,986.1333333333333,0.02799999999999958,0.03200000000000003
0.94,7.215,12.2,12.2,1.03,-6,0.12,248.4,0.2,161,1.24,0,7.28,23.802,7.224,37.89921,-93.31578,254.4,2019-07-19,2019-07-19T12:41:06Z,092,0.6964480130647795,986.1333333333333,0.04100000000000037,0.05900000000000016
0.97,7.296,10.5,10.5,0.89,-11.2,0.12,248.5,0.21,161,1.32,0,7.25,23.707,7.298,37.89921,-93.31578,254.6,2019-07-19,2019-07-19T12:41:08Z,092,0.7043413173652695,986.1333333333333,0.0389999999999997,0.06099999999999994
0.97,7.335,9.8,9.8,0.83,-13,0.12,248.3,0.22,161,1.27,0,7.25,23.689,7.359,37.89921,-93.31578,254.8,2019-07-19,2019-07-19T12:41:09Z,092,0.7080838323353293,986.1333333333333,0.0389999999999997,0.03399999999999981
0.92,7.424,8.7,8.7,0.73,-16,0.12,248.3,0.24,161,1.33,0,7.23,23.661,7.422,37.89921,-93.31578,255,2019-07-19,2019-07-19T12:41:11Z,092,0.7166575939031029,986,0.02400000000000002,0.057000000000000384
0.94,7.452,7.7,7.7,0.65,-18.6,0.12,247.8,0.19,161,1.17,0,7.22,23.65,7.432,37.89921,-93.31578,255.6,2019-07-19,2019-07-19T12:41:13Z,092,0.7194474686989657,986,0.02400000000000002,0.06199999999999939
0.96,7.506,5.7,5.7,0.48,-23,0.12,247.8,0.21,161,1.29,0,7.19,23.583,7.505,37.89922,-93.31578,255.5,2019-07-19,2019-07-19T12:41:18Z,092,0.7246189439303211,985.8666666666667,0.03599999999999959,0.06400000000000006
0.93,7.552,5.1,5.1,0.43,-24.5,0.12,247.6,0.21,161,1.4,0,7.17,23.543,7.542,37.89923,-93.31578,255.7,2019-07-19,2019-07-19T12:41:20Z,092,0.7290419161676647,985.8666666666667,0.02200000000000024,0.07699999999999996
0.95,7.629,3.9,3.9,0.33,-27.2,0.12,247.3,0.26,161,1.29,0,7.14,23.46,7.638,37.89924,-93.31577,254.9,2019-07-19,2019-07-19T12:41:26Z,092,0.7364589003810561,986.1333333333333,0.04500000000000082,0.05400000000000027
0.93,7.674,3.7,3.7,0.32,-27.6,0.12,247.3,0.18,161,1.37,0,7.14,23.432,7.692,37.89924,-93.31578,255.1,2019-07-19,2019-07-19T12:41:27Z,092,0.7408818726183996,986.1333333333333,0.05600000000000005,0.04300000000000015
0.91,7.73,3.6,3.6,0.3,-27.9,0.12,247.2,0.16,161,1.36,0,7.13,23.406,7.735,37.89924,-93.31578,255.3,2019-07-19,2019-07-19T12:41:28Z,092,0.7462574850299402,986.2666666666668,0.04899999999999949,0.0779999999999994
0.92,7.801,3.3,3.3,0.28,-28.3,0.12,247.3,0.22,161,1.29,0,7.13,23.368,7.791,37.89925,-93.31577,255.1,2019-07-19,2019-07-19T12:41:30Z,092,0.7531301034295046,986,0.03599999999999959,0.06799999999999962
0.97,7.838,3,3,0.25,-28.7,0.12,247,0.23,161,1.29,0,7.12,23.327,7.833,37.89925,-93.31578,255,2019-07-19,2019-07-19T12:41:33Z,092,0.7567365269461078,986.1333333333333,0.04699999999999971,0.06799999999999962
0.94,7.909,2.5,2.5,0.22,-28.9,0.12,247,0.22,161,1.32,0,7.11,23.315,7.915,37.89926,-93.31577,256.3,2019-07-19,2019-07-19T12:41:37Z,092,0.7636091453456723,986.1333333333333,0.025000000000000355,0.041999999999999815
0.94,7.972,2.4,2.4,0.2,-28.9,0.12,246.9,0.21,161,1.27,0,7.1,23.297,7.98,37.89926,-93.31576,256.2,2019-07-19,2019-07-19T12:41:39Z,092,0.7696652150244965,986.1333333333333,0.01899999999999924,0.03200000000000003
0.92,7.991,2.3,2.3,0.2,-28.8,0.12,247.1,0.22,161,1.36,0,7.1,23.295,8.012,37.89927,-93.31576,256,2019-07-19,2019-07-19T12:41:40Z,092,0.7715024496461622,986.2666666666668,0.0519999999999996,0.041999999999999815
0.89,8.043,2.2,2.2,0.19,-28.7,0.12,247,0.25,161,1.33,0,7.09,23.29,8.054,37.89927,-93.31576,255.9,2019-07-19,2019-07-19T12:41:41Z,092,0.776537833424061,986,0.030000000000001137,0.032999999999999474
0.94,8.073,2.2,2.2,0.19,-28.7,0.12,247,0.21,161,1.3,0,7.09,23.283,8.087,37.89927,-93.31576,255.8,2019-07-19,2019-07-19T12:41:42Z,092,0.7794637996733805,986.1333333333333,0.03999999999999915,0.03700000000000081
0.94,8.113,2.1,2.1,0.18,-28.7,0.12,247,0.19,161,1.22,0,7.09,23.271,8.124,37.89927,-93.31575,255.9,2019-07-19,2019-07-19T12:41:43Z,092,0.7832743603701687,986.1333333333333,0.0389999999999997,0.06199999999999939
0.92,8.22,2,2,0.17,-28.6,0.12,246.9,0.24,161,1.18,0,7.09,23.214,8.215,37.89927,-93.31575,255.6,2019-07-19,2019-07-19T12:41:45Z,092,0.7936173108328797,986.1333333333333,0.03200000000000003,0.06400000000000006
0.91,8.293,1.8,1.8,0.16,-28.3,0.12,246.7,0.19,160,1.18,0,7.09,23.107,8.298,37.89928,-93.31575,255.3,2019-07-19,2019-07-19T12:41:47Z,092,0.8006260206859009,986.2666666666668,0.04600000000000115,0.07000000000000028
0.92,8.339,1.8,1.8,0.15,-28.2,0.12,246.6,0.16,160,1.19,0,7.08,23.064,8.368,37.89928,-93.31575,255.4,2019-07-19,2019-07-19T12:41:48Z,092,0.8051170386499729,986.1333333333333,0.07599999999999874,0.0779999999999994
0.91,8.415,1.7,1.7,0.15,-28.2,0.12,246.8,0.23,160,1.24,0,7.08,22.98,8.446,37.89928,-93.31575,255.5,2019-07-19,2019-07-19T12:41:49Z,092,0.8124659771366358,986,0.049000000000001265,0.034000000000000696
0.92,8.464,1.7,1.7,0.15,-28.3,0.12,247.1,0.2,161,1.29,0,7.07,22.883,8.48,37.89928,-93.31575,255.5,2019-07-19,2019-07-19T12:41:50Z,092,0.8172291780076211,986,0.05799999999999983,0.0649999999999995
0.95,8.522,1.7,1.7,0.14,-28.6,0.12,247.5,0.16,161,1.35,0,7.06,22.8,8.545,37.89928,-93.31575,255.4,2019-07-19,2019-07-19T12:41:51Z,092,0.8228769733260751,986.1333333333333,0.08199999999999896,0.10299999999999976
0.96,8.604,1.6,1.6,0.13,-28.7,0.12,247.3,0.27,161,1.28,0,7.05,22.709,8.648,37.89928,-93.31575,255.5,2019-07-19,2019-07-19T12:41:52Z,092,0.8307702776265651,986,0.09100000000000108,0.08500000000000085
0.93,8.754,1.5,1.5,0.13,-28.6,0.12,247,0.28,161,1.17,0,7.05,22.563,8.76,37.89928,-93.31575,255.3,2019-07-19,2019-07-19T12:41:54Z,092,0.8452640174197061,986,0.054999999999999716,0.0779999999999994
0.92,8.809,1.4,1.4,0.12,-28.6,0.12,246.8,0.22,160,1.13,0,7.05,22.512,8.838,37.89928,-93.31575,255.6,2019-07-19,2019-07-19T12:41:55Z,092,0.8505715841045183,986,0.049000000000001265,0.040000000000000924
0.97,8.858,1.4,1.4,0.12,-28.5,0.12,246.6,0.14,160,1.09,0,7.05,22.462,8.878,37.89929,-93.31575,255.4,2019-07-19,2019-07-19T12:41:56Z,092,0.8553347849755035,986,0.06599999999999895,0.045999999999999375
1.02,8.924,1.3,1.3,0.11,-28.4,0.12,246.4,0.11,160,1.26,0,7.04,22.419,8.924,37.89929,-93.31575,255.3,2019-07-19,2019-07-19T12:41:57Z,092,0.8617310832879695,986,0.03500000000000014,0.05799999999999983
1.02,8.959,1.3,1.3,0.11,-28.4,0.12,246.3,0.11,160,1.25,0,7.04,22.364,8.982,37.89929,-93.31575,255.2,2019-07-19,2019-07-19T12:41:58Z,092,0.8651333696243876,986,0.05000000000000071,0.051000000000000156
0.99,9.009,1.3,1.3,0.11,-28.4,0.12,246.3,0.15,160,1.18,0,7.04,22.328,9.033,37.89929,-93.31575,255.4,2019-07-19,2019-07-19T12:41:59Z,092,0.8699646162221013,986,0.036999999999999034,0.034000000000000696
1.02,9.046,1.2,1.2,0.11,-28.3,0.12,246.3,0.18,160,1.32,0,7.03,22.305,9.067,37.8993,-93.31575,255.3,2019-07-19,2019-07-19T12:42:00Z,092,0.8735710397387044,986.1333333333333,0.049000000000001265,0.03599999999999959
1.03,9.095,1.2,1.2,0.11,-28.2,0.12,246.2,0.15,160,1.31,0,7.03,22.297,9.103,37.8993,-93.31575,255.3,2019-07-19,2019-07-19T12:42:01Z,092,0.8782661948829613,986,0.049999999999998934,0.07399999999999984
0.99,9.174,1.1,1.1,0.1,-27.8,0.12,246.1,0.18,160,1.16,0,7.03,22.227,9.173,37.8993,-93.31575,255.2,2019-07-19,2019-07-19T12:42:03Z,092,0.8858873162765378,986.1333333333333,0.02400000000000091,0.038000000000000256
1,9.198,1.1,1.1,0.09,-27.4,0.12,246.1,0.2,160,1.23,0,7.03,22.196,9.211,37.8993,-93.31575,255.3,2019-07-19,2019-07-19T12:42:04Z,092,0.8882689167120306,986,0.04899999999999949,0.057000000000000384
0.95,9.282,1,1,0.09,-26.5,0.12,245.9,0.21,160,1.16,0,7.03,22.116,9.291,37.8993,-93.31575,255.1,2019-07-19,2019-07-19T12:42:06Z,092,0.8963663581927055,986,0.04400000000000048,0.054999999999999716
0.95,9.326,1,1,0.08,-26.3,0.12,245.9,0.16,160,1.18,0,7.03,22.053,9.346,37.89931,-93.31575,255.2,2019-07-19,2019-07-19T12:42:07Z,092,0.9005851932498639,986,0.04499999999999993,0.05799999999999983
0.98,9.405,0.9,0.9,0.08,-25.8,0.12,245.9,0.13,160,1.14,0,7.02,21.997,9.403,37.89931,-93.31575,255.1,2019-07-19,2019-07-19T12:42:09Z,092,0.9082743603701688,986,0.051000000000000156,0.07000000000000028
0.99,9.456,0.9,0.9,0.08,-25.5,0.12,245.7,0.21,160,1.18,0,7.02,21.936,9.473,37.89931,-93.31575,255.2,2019-07-19,2019-07-19T12:42:10Z,092,0.9132416984213391,986,0.03200000000000003,0.03399999999999892
0.98,9.488,0.8,0.8,0.07,-25.1,0.12,245.6,0.2,160,1.24,0,7.02,21.869,9.507,37.89931,-93.31575,255.2,2019-07-19,2019-07-19T12:42:11Z,092,0.9163718018508438,986.1333333333333,0.06600000000000072,0.06400000000000006
0.95,9.554,0.8,0.8,0.07,-24.7,0.12,245.6,0.18,160,1.22,0,7.02,21.793,9.571,37.89931,-93.31575,255.3,2019-07-19,2019-07-19T12:42:12Z,092,0.9227000544365814,986,0.06300000000000061,0.08900000000000041
0.92,9.611,0.7,0.7,0.06,-23.4,0.12,244.4,0.17,159,1.18,0,7.01,21.612,9.605,37.89932,-93.31575,255.2,2019-07-19,2019-07-19T12:42:16Z,092,0.928279804028307,986.1333333333333,0.021999999999998465,0.04899999999999949
0.92,9.633,0.7,0.7,0.06,-23.2,0.12,244.5,0.2,159,1.2,0,7,21.609,9.654,37.89933,-93.31575,255.9,2019-07-19,2019-07-19T12:42:17Z,092,0.9303892215568862,986,0.07700000000000173,0.09800000000000075
0.88,9.731,0.6,0.6,0.05,-22.6,0.12,244.3,0.16,159,1.14,0,7,21.559,9.708,37.89933,-93.31575,256,2019-07-19,2019-07-19T12:42:19Z,092,0.9398475775721284,986,0.015000000000000568,0.058999999999999275
0.86,9.746,0.6,0.6,0.05,-22.3,0.12,244,0.19,159,1.18,0,6.99,21.542,9.767,37.89933,-93.31575,255.7,2019-07-19,2019-07-19T12:42:20Z,092,0.9412765378334241,986.1333333333333,0.03599999999999959,0.030000000000001137
0.91,9.857,0.5,0.5,0.04,-20.6,0.12,243.6,0.17,158,1.2,0,6.99,21.469,9.847,37.89934,-93.31575,255.8,2019-07-19,2019-07-19T12:42:24Z,092,0.9520277626565051,986.1333333333333,0.018000000000000682,0.04400000000000048
0.93,9.918,0.4,0.4,0.03,-18.9,0.12,243.1,0.22,158,1.14,0,6.98,21.419,9.92,37.89935,-93.31574,257.6,2019-07-19,2019-07-19T12:42:28Z,092,0.9579477408818726,986.1333333333333,0.028999999999999915,0.06799999999999962
0.96,9.947,0.4,0.4,0.03,-18.5,0.12,243.1,0.2,158,1.23,0,6.98,21.406,9.988,37.89935,-93.31574,257.7,2019-07-19,2019-07-19T12:42:29Z,092,0.9608056614044638,986.1333333333333,0.07400000000000162,0.07500000000000107
0.98,10.021,0.4,0.4,0.03,-18,0.12,243,0.25,158,1.22,0,6.98,21.375,10.063,37.89935,-93.31574,257.7,2019-07-19,2019-07-19T12:42:30Z,092,0.9678824169842134,986.1333333333333,0.09199999999999875,0.05799999999999983
1,10.113,0.4,0.4,0.03,-17.4,0.12,243,0.19,158,1.22,0,6.98,21.338,10.121,37.89935,-93.31574,257.7,2019-07-19,2019-07-19T12:42:31Z,092,0.9767964071856288,985.8666666666667,0.0600000000000005,0.09799999999999898
0.96,10.173,0.4,0.4,0.03,-16.9,0.12,243,0.13,158,1.2,0,6.97,21.316,10.219,37.89935,-93.31574,257.8,2019-07-19,2019-07-19T12:42:32Z,092,0.9825802939575394,986,0.08000000000000007,0.03500000000000014
0.94,10.253,0.3,0.3,0.03,-16.5,0.11,242.8,0.15,158,1.2,0,6.97,21.29,10.254,37.89935,-93.31574,257.7,2019-07-19,2019-07-19T12:42:33Z,092,0.9903375068045727,986,0.0600000000000005,0.08999999999999986
0.97,10.313,0.3,0.3,0.03,-15.9,0.11,242.6,0.21,158,1.22,0,6.97,21.266,10.344,37.89935,-93.31574,257.9,2019-07-19,2019-07-19T12:42:34Z,092,0.9961213935764833,986,0.049999999999998934,0.034000000000000696
1.01,10.363,0.3,0.3,0.02,-15.5,0.11,242.5,0.25,158,1.22,0,6.97,21.235,10.378,37.89935,-93.31574,257.7,2019-07-19,2019-07-19T12:42:35Z,092,1.000952640174197,985.8666666666667,0.05900000000000105,0.06600000000000072
1.02,10.422,0.2,0.2,0.02,-15,0.11,242.4,0.17,158,1.28,0,6.97,21.201,10.444,37.89935,-93.31574,257.9,2019-07-19,2019-07-19T12:42:36Z,092,1.0066684812193796,985.8666666666667,0.06099999999999994,0.06799999999999962
0.98,10.483,0.2,0.2,0.02,-14.5,0.11,242.1,0.17,157,1.23,0,6.96,21.146,10.512,37.89935,-93.31574,257.9,2019-07-19,2019-07-19T12:42:37Z,092,1.012588459444747,986,0.07000000000000028,0.04399999999999871
0.96,10.553,0.2,0.2,0.02,-14,0.11,241.9,0.19,157,1.2,0,6.96,21.056,10.556,37.89935,-93.31574,258.1,2019-07-19,2019-07-19T12:42:38Z,092,1.0193249863908547,985.8666666666667,0.04499999999999993,0.07500000000000107
0.92,10.598,0.2,0.2,0.02,-13.5,0.11,241.8,0.23,157,1.2,0,6.96,20.968,10.631,37.89935,-93.31574,258.1,2019-07-19,2019-07-19T12:42:39Z,092,1.0237479586281981,986,0.06999999999999851,0.045999999999999375
0.9,10.668,0.2,0.2,0.02,-12.7,0.11,241.6,0.24,157,1.25,0,6.96,20.854,10.677,37.89936,-93.31574,258.1,2019-07-19,2019-07-19T12:42:40Z,092,1.0305525313010342,986,0.05000000000000071,0.06799999999999962
0.91,10.718,0.1,0.1,0.01,-12.3,0.11,240.7,0.19,156,1.27,0,6.96,20.797,10.745,37.89936,-93.31574,258.3,2019-07-19,2019-07-19T12:42:41Z,092,1.0353157321720197,986,0.04800000000000004,0.03500000000000014
0.89,10.766,0.1,0.1,0.01,-12,0.11,240.2,0.16,156,1.33,0,6.95,20.726,10.78,37.89936,-93.31574,258.3,2019-07-19,2019-07-19T12:42:42Z,092,1.0400108873162766,985.8666666666667,0.04100000000000037,0.03700000000000081
0.86,10.836,0.1,0.1,0.01,-11.5,0.11,238,0.1,155,1.39,0,6.95,20.624,10.84,37.89936,-93.31574,258.2,2019-07-19,2019-07-19T12:42:44Z,092,1.0467474142623843,986,0.03399999999999892,0.041999999999999815
0.86,10.87,0.1,0.1,0.01,-11.2,0.11,236.1,0.11,153,1.35,0,6.94,20.561,10.882,37.89936,-93.31574,258.4,2019-07-19,2019-07-19T12:42:45Z,092,1.0500816548720742,986.1333333333333,0.027000000000001023,0.034000000000000696
0.82,10.93,0,0,0,-10.2,0.11,235,0.14,153,1.55,0,6.94,20.461,10.932,37.89937,-93.31574,258.8,2019-07-19,2019-07-19T12:42:47Z,092,1.0559335873707132,986.1333333333333,0.04600000000000115,0.08099999999999952
0.9,11.02,0,0,0,-8.9,0.11,232.9,0.22,151,1.55,0,6.93,20.331,11.037,37.89937,-93.31573,258.8,2019-07-19,2019-07-19T12:42:49Z,092,1.0646434403919434,986.1333333333333,0.05900000000000105,0.06199999999999939
0.87,11.079,0,0,0,-8.3,0.11,231.7,0.23,151,1.54,0,6.93,20.233,11.099,37.89937,-93.31573,258.9,2019-07-19,2019-07-19T12:42:50Z,092,1.0703592814371259,985.8666666666667,0.05699999999999861,0.051000000000000156
0.8,11.152,0,0,0,-6.6,0.11,230.3,0.14,150,1.61,0,6.93,20.141,11.148,37.89938,-93.31573,258.9,2019-07-19,2019-07-19T12:42:52Z,092,1.0774360370168754,986.1333333333333,0.006000000000000227,0.038000000000000256
0.8,11.158,NA,-0.1,0,-5.9,0.11,230.1,0.15,150,1.57,0,6.93,20.092,11.186,37.89938,-93.31573,259,2019-07-19,2019-07-19T12:42:53Z,092,1.0780484485574306,986.1333333333333,0.062000000000001165,0.04499999999999993
0.78,11.22,NA,-0.1,NA,-5.2,0.11,230.1,0.17,150,1.58,0,6.92,20.061,11.231,37.89938,-93.31573,258.9,2019-07-19,2019-07-19T12:42:54Z,092,1.083968426782798,986.1333333333333,0.05799999999999983,0.08300000000000018
0.8,11.334,NA,-0.1,NA,-3.9,0.11,229.9,0.13,149,1.76,0,6.92,20.045,11.339,37.89938,-93.31573,258.7,2019-07-19,2019-07-19T12:42:56Z,092,1.0949918345127925,986,0.03500000000000014,0.03999999999999915
0.84,11.369,NA,-0.1,NA,-3.4,0.11,229.3,0.17,149,1.78,0,6.92,19.977,11.379,37.89938,-93.31573,258.6,2019-07-19,2019-07-19T12:42:57Z,092,1.098462166575939,986.1333333333333,0.06199999999999939,0.09299999999999997
0.79,11.52,NA,-0.2,NA,-1.5,0.11,226.1,0.18,147,1.71,0,6.91,19.763,11.529,37.89938,-93.31573,258.4,2019-07-19,2019-07-19T12:43:00Z,092,1.1130919978225369,986.1333333333333,0.0389999999999997,0.04400000000000048
0.8,11.593,NA,-0.2,NA,0.2,0.11,223.1,0.12,145,1.71,0,6.9,19.55,11.599,37.89938,-93.31572,258.5,2019-07-19,2019-07-19T12:43:02Z,092,1.1201687534022864,986.1333333333333,0.0389999999999997,0.057000000000000384
0.8,11.632,NA,-0.2,NA,1.1,0.11,222.4,0.18,145,1.82,0,6.9,19.509,11.656,37.89938,-93.31572,258.4,2019-07-19,2019-07-19T12:43:03Z,092,1.1239112683723462,986.1333333333333,0.04300000000000104,0.03399999999999892
0.75,11.71,NA,-0.2,NA,3.2,0.1,219.6,0.22,143,1.97,0,6.9,19.36,11.716,37.89939,-93.31572,258.3,2019-07-19,2019-07-19T12:43:05Z,092,1.1314643440391943,986.1333333333333,0.04399999999999871,0.06400000000000006
0.8,11.754,NA,-0.2,NA,4.3,0.1,218.5,0.21,142,1.96,0,6.9,19.297,11.78,37.89939,-93.31572,258.2,2019-07-19,2019-07-19T12:43:06Z,092,1.1358192705498096,986.1333333333333,0.053000000000000824,0.0600000000000005
0.75,11.853,NA,-0.3,NA,7.1,0.1,218,0.2,142,2,0,6.89,19.157,11.855,37.89939,-93.31572,257.8,2019-07-19,2019-07-19T12:43:08Z,092,1.1454137180185084,986.1333333333333,0.04499999999999993,0.0649999999999995
0.74,11.948,NA,-0.3,NA,12,0.1,216.3,0.09,141,2.11,0,6.89,18.984,11.945,37.8994,-93.31572,258,2019-07-19,2019-07-19T12:43:11Z,092,1.1545998911268374,986,0.02999999999999936,0.038000000000000256
0.71,11.984,NA,-0.3,NA,14.8,0.1,215,0.22,140,2.24,0,6.89,18.921,11.977,37.8994,-93.31572,258.4,2019-07-19,2019-07-19T12:43:13Z,092,1.1581382689167121,986,0.006000000000000227,0.030999999999998806
0.68,12.032,NA,-0.4,NA,19.9,0.1,213.9,0.17,139,2.27,0,6.87,18.881,12.033,37.89941,-93.31572,258.5,2019-07-19,2019-07-19T12:43:17Z,092,1.1626973326075123,986,0.038000000000000256,0.06700000000000017
0.75,12.079,NA,-0.4,NA,23.4,0.1,213.2,0.16,139,2.38,0,6.86,18.808,12.08,37.89941,-93.31572,258.5,2019-07-19,2019-07-19T12:43:20Z,092,1.1673244420250408,986,0.051000000000000156,0.07900000000000063
0.73,12.163,NA,-0.5,NA,26.7,0.1,212.9,0.07,138,2.45,0,6.85,18.734,12.159,37.89942,-93.31571,258.2,2019-07-19,2019-07-19T12:43:23Z,092,1.175421883505716,985.8666666666667,0.03500000000000014,0.07199999999999918
0.7,12.226,NA,-0.5,NA,31.9,0.1,212.4,0.17,138,2.5,0,6.84,18.69,12.228,37.89943,-93.3157,258.3,2019-07-19,2019-07-19T12:43:28Z,092,1.18147795318454,986,0.032999999999999474,0.057000000000000384
0.69,12.295,NA,-0.6,NA,34.6,0.1,212.1,0.15,138,2.59,0,6.83,18.648,12.309,37.89943,-93.31569,258.6,2019-07-19,2019-07-19T12:43:31Z,092,1.1882144801306478,986,0.02999999999999936,0.05900000000000105
0.7,12.325,NA,-0.6,NA,35.5,0.1,211.9,0.12,138,2.69,0,6.83,18.636,12.368,37.89944,-93.31569,258.5,2019-07-19,2019-07-19T12:43:32Z,092,1.1911404463799673,986,0.06700000000000017,0.030999999999998806
0.74,12.392,NA,-0.6,NA,36.4,0.1,211.5,0.14,138,2.7,0,6.83,18.599,12.399,37.89944,-93.31569,258.3,2019-07-19,2019-07-19T12:43:33Z,092,1.1975367446924334,986,0.05400000000000027,0.07200000000000095
0.72,12.446,NA,-0.6,NA,37.3,0.1,211.4,0.14,137,2.64,0,6.83,18.566,12.471,37.89944,-93.31569,258.4,2019-07-19,2019-07-19T12:43:34Z,092,1.202776265650517,986,0.04499999999999993,0.036999999999999034
0.69,12.519,NA,-0.6,NA,39,0.1,209.8,0.16,136,2.81,0,6.82,18.48,12.527,37.89944,-93.31568,258.2,2019-07-19,2019-07-19T12:43:36Z,092,1.209853021230267,986,0.0909999999999993,0.11900000000000155
0.69,12.61,NA,-0.6,NA,39.8,0.1,209.3,0.15,136,2.89,0,6.82,18.455,12.646,37.89945,-93.31568,258.4,2019-07-19,2019-07-19T12:43:37Z,092,1.2186989657049538,985.8666666666667,0.07699999999999996,0.04399999999999871
0.7,12.687,NA,-0.6,NA,41.2,0.1,209.2,0.17,136,2.79,0,6.81,18.417,12.684,37.89945,-93.31567,258.6,2019-07-19,2019-07-19T12:43:39Z,092,1.226115949918345,985.8666666666667,0.019000000000000128,0.06700000000000017
0.73,12.706,NA,-0.6,NA,42,0.1,209.1,0.18,136,2.87,0,6.81,18.414,12.751,37.89945,-93.31567,258.5,2019-07-19,2019-07-19T12:43:40Z,092,1.2280212302667393,985.8666666666667,0.12700000000000067,0.10000000000000142
0.71,12.833,NA,-0.7,NA,42.8,0.1,209.2,0.14,136,2.97,0,6.81,18.395,12.851,37.89946,-93.31567,258.5,2019-07-19,2019-07-19T12:43:41Z,092,1.2402694610778444,985.8666666666667,0.08999999999999986,0.13199999999999967
0.65,12.923,NA,-0.7,NA,43.5,0.1,209.2,0.06,136,2.96,0,6.81,18.356,12.983,37.89946,-93.31567,258.8,2019-07-19,2019-07-19T12:43:42Z,092,1.2489112683723462,985.8666666666667,0.10500000000000043,0.06700000000000017
0.64,13.051,NA,-0.7,NA,45.1,0.1,210.9,0.13,137,2.79,0,6.8,18.262,13.048,37.89946,-93.31567,258.7,2019-07-19,2019-07-19T12:43:44Z,092,1.2613636363636362,986.1333333333333,0.031000000000000583,0.0600000000000005
0.68,13.082,NA,-0.7,NA,45.7,0.1,212.2,0.09,138,2.63,0,6.8,18.233,13.108,37.89946,-93.31567,258.4,2019-07-19,2019-07-19T12:43:45Z,092,1.2643576483396843,986,0.0389999999999997,0.03599999999999959
0.7,13.121,NA,-0.7,NA,46.6,0.1,213,0.17,138,2.56,0,6.8,18.217,13.144,37.89946,-93.31566,258.3,2019-07-19,2019-07-19T12:43:46Z,092,1.2681682090364725,986,0.07599999999999874,0.07499999999999929
0.67,13.197,NA,-0.7,NA,47.4,0.1,214.1,0.22,139,2.56,0,6.8,18.186,13.219,37.89946,-93.31566,258,2019-07-19,2019-07-19T12:43:47Z,092,1.2755171475231357,986,0.07600000000000051,0.09100000000000108
0.67,13.273,NA,-0.7,NA,48.1,0.1,214.9,0.14,140,2.66,0,6.8,18.155,13.31,37.89947,-93.31566,258,2019-07-19,2019-07-19T12:43:48Z,092,1.2828660860097987,986.1333333333333,0.05600000000000094,0.036999999999999034
0.67,13.329,NA,-0.7,NA,48.8,0.1,214.8,0.13,140,2.87,0,6.8,18.13,13.347,37.89947,-93.31565,258.1,2019-07-19,2019-07-19T12:43:49Z,092,1.2882416984213392,985.8666666666667,0.13399999999999856,0.19200000000000017
0.68,13.463,NA,-0.7,NA,49.4,0.1,213.9,0.16,139,2.98,0,6.8,18.088,13.539,37.89947,-93.31565,257.9,2019-07-19,2019-07-19T12:43:50Z,092,1.3012384322264563,986.1333333333333,0.16100000000000136,0.09800000000000075
0.68,13.624,NA,-0.7,NA,49.9,0.1,212.7,0.16,138,3.04,0,6.8,18.047,13.637,37.89947,-93.31565,257.9,2019-07-19,2019-07-19T12:43:51Z,092,1.3167528579205225,986,0.08499999999999908,0.10200000000000031
0.67,13.74,NA,-0.8,NA,51.4,0.1,211.9,0.11,138,2.99,0,6.8,17.928,13.736,37.89948,-93.31564,257.6,2019-07-19,2019-07-19T12:43:53Z,092,1.3280484485574306,986.1333333333333,0.05400000000000027,0.07099999999999973
0.69,13.794,NA,-0.8,NA,52,0.1,212.2,0.07,138,3.01,0,6.8,17.901,13.807,37.89948,-93.31564,257.4,2019-07-19,2019-07-19T12:43:54Z,092,1.333219923788786,986,0.05599999999999916,0.07899999999999885
0.68,13.9,NA,-0.8,NA,53.1,0.1,213.1,0.14,139,2.96,0,6.79,17.866,13.9,37.89948,-93.31564,257,2019-07-19,2019-07-19T12:43:56Z,092,1.3435628742514971,986.1333333333333,0.057000000000000384,0.12399999999999878
0.67,13.957,NA,-0.8,NA,53.7,0.1,213.2,0.17,139,3.09,0,6.79,17.834,14.024,37.89948,-93.31564,256.9,2019-07-19,2019-07-19T12:43:57Z,092,1.3490745781164943,986,0.18599999999999994,0.17900000000000027
0.7,14.143,NA,-0.8,NA,54.3,0.1,213,0.18,138,3.13,0,6.79,17.793,14.203,37.89949,-93.31564,256.8,2019-07-19,2019-07-19T12:43:58Z,092,1.3669706042460532,986,0.1609999999999996,0.1590000000000007
0.74,14.304,NA,-0.8,NA,55,0.1,213,0.18,138,3.02,0,6.79,17.698,14.362,37.89949,-93.31564,256.9,2019-07-19,2019-07-19T12:43:59Z,092,1.3825530756668483,986,0.08900000000000041,0.03599999999999959
0.72,14.393,NA,-0.8,NA,55.6,0.1,213.5,0.13,139,3.06,0,6.79,17.654,14.398,37.89949,-93.31564,256.5,2019-07-19,2019-07-19T12:44:00Z,092,1.39119488296135,986,0.03599999999999959,0.04100000000000037
0.69,14.45,NA,-0.8,NA,56.7,0.1,214.4,0.14,139,3.13,0,6.79,17.542,14.446,37.89949,-93.31562,257,2019-07-19,2019-07-19T12:44:02Z,092,1.3967065868263473,986,0.006000000000000227,0.04400000000000048
0.65,14.456,NA,-0.8,NA,57.2,0.1,214.5,0.13,139,3.1,0,6.79,17.517,14.49,37.89949,-93.31562,256.5,2019-07-19,2019-07-19T12:44:03Z,092,1.3973870440936311,986,0.12900000000000134,0.18900000000000006
0.69,14.585,NA,-0.8,NA,57.8,0.1,214.4,0.1,139,3.13,0,6.79,17.467,14.679,37.8995,-93.31562,256.4,2019-07-19,2019-07-19T12:44:04Z,092,1.4097713663581928,985.8666666666667,0.20099999999999874,0.13899999999999935
0.73,14.786,NA,-0.9,NA,58.3,0.1,214.2,0.13,139,3.25,0,6.79,17.414,14.818,37.8995,-93.31561,256.6,2019-07-19,2019-07-19T12:44:05Z,092,1.4293004899292323,986.1333333333333,0.1120000000000001,0.1280000000000001
0.73,14.898,NA,-0.9,NA,58.8,0.1,214.2,0.14,139,3.28,0,6.79,17.384,14.946,37.8995,-93.31561,256.6,2019-07-19,2019-07-19T12:44:06Z,092,1.4401878062057702,986,0.1070000000000011,0.07200000000000095
0.71,15.005,NA,-0.9,NA,59.5,0.1,214.6,0.16,139,3.14,0,6.79,17.349,15.018,37.8995,-93.31561,256.8,2019-07-19,2019-07-19T12:44:07Z,092,1.4504627109417527,985.8666666666667,0.049999999999998934,0.041999999999999815
0.69,15.049,NA,-0.9,NA,60.6,0.1,214.9,0.15,140,3.24,0,6.79,17.306,15.044,37.8995,-93.31561,256.9,2019-07-19,2019-07-19T12:44:09Z,092,1.4546815459989113,986,0.041999999999999815,0.13599999999999923
0.66,15.091,NA,-0.9,NA,61.1,0.1,215.3,0.15,140,3.33,0,6.79,17.292,15.18,37.8995,-93.31561,257.1,2019-07-19,2019-07-19T12:44:10Z,092,1.4588323353293413,986,0.19500000000000028,0.14400000000000013
0.68,15.286,NA,-0.9,NA,61.9,0.1,216,0.14,140,3.46,0,6.79,17.256,15.324,37.8995,-93.3156,257.2,2019-07-19,2019-07-19T12:44:11Z,092,1.4776810016330975,986,0.11100000000000065,0.16500000000000092
0.71,15.397,NA,-0.9,NA,62.4,0.1,216.1,0.14,140,3.46,0,6.79,17.225,15.489,37.8995,-93.3156,257.3,2019-07-19,2019-07-19T12:44:12Z,092,1.4884322264561785,986,0.16999999999999993,0.08399999999999963
0.68,15.567,NA,-0.9,NA,62.8,0.1,215.4,0.13,140,3.57,0,6.79,17.157,15.573,37.89951,-93.3156,257.4,2019-07-19,2019-07-19T12:44:13Z,092,1.504899292324442,986,0.08000000000000007,0.08399999999999963
0.68,15.647,NA,-0.9,NA,63.2,0.1,213.9,0.09,139,3.73,0,6.79,17.12,15.657,37.89951,-93.31559,257.6,2019-07-19,2019-07-19T12:44:14Z,092,1.5125204137180186,985.8666666666667,0.05599999999999916,0.04400000000000048
0.69,15.661,NA,-0.9,NA,64.2,0.1,211.6,0.12,138,3.79,0,6.78,17.071,15.653,37.89951,-93.31559,257.5,2019-07-19,2019-07-19T12:44:16Z,092,1.513949373979314,986,0.05900000000000105,0.10999999999999943
0.69,15.72,NA,-0.9,NA,64.6,0.1,211.4,0.15,137,3.88,0,6.78,17.059,15.763,37.89951,-93.31559,257.5,2019-07-19,2019-07-19T12:44:17Z,092,1.5195971692977681,986,0.08799999999999919,0.09399999999999942
0.7,15.808,NA,-0.9,NA,65,0.1,210.6,0.14,137,3.98,0,6.78,17.044,15.857,37.89951,-93.31559,257.2,2019-07-19,2019-07-19T12:44:18Z,092,1.52823897659227,985.8666666666667,0.1460000000000008,0.14700000000000202
0.7,15.954,NA,-1,NA,65.4,0.1,209.8,0.1,136,4.26,0,6.78,17.015,16.004,37.89951,-93.31559,257.1,2019-07-19,2019-07-19T12:44:19Z,092,1.5423244420250408,986.1333333333333,0.1319999999999979,0.11799999999999855
0.7,16.086,NA,-1,NA,66,0.1,208.2,0.17,135,4.19,0,6.78,16.969,16.122,37.89951,-93.31559,257.1,2019-07-19,2019-07-19T12:44:20Z,092,1.5550489929232445,986,0.08800000000000097,0.09299999999999997
0.7,16.174,NA,-1,NA,66.6,0.1,207.9,0.18,135,3.89,0,6.77,16.953,16.215,37.89952,-93.31558,257.1,2019-07-19,2019-07-19T12:44:21Z,092,1.563622754491018,986,0.11899999999999977,0.1479999999999997
0.69,16.293,NA,-1,NA,67,0.1,209,0.15,136,3.78,0,6.77,16.952,16.363,37.89952,-93.31558,256.9,2019-07-19,2019-07-19T12:44:22Z,092,1.5751224823081111,986,0.17999999999999972,0.15399999999999991
0.69,16.473,NA,-1,NA,67.7,0.1,211.9,0.17,138,3.58,0,6.77,16.918,16.517,37.89952,-93.31558,256.8,2019-07-19,2019-07-19T12:44:23Z,092,1.5924741426238431,985.8666666666667,0.13000000000000256,0.15200000000000102
0.68,16.603,NA,-1,NA,68.2,0.1,214.3,0.15,139,3.57,0,6.77,16.885,16.669,37.89952,-93.31558,256.6,2019-07-19,2019-07-19T12:44:24Z,092,1.60506260206859,986.2666666666668,0.09199999999999875,0.038000000000000256
0.69,16.695,NA,-1,NA,68.7,0.1,215.6,0.11,140,3.6,0,6.77,16.862,16.707,37.89952,-93.31558,256.1,2019-07-19,2019-07-19T12:44:25Z,092,1.6139765922700056,986,0.10200000000000031,0.14999999999999858
0.68,16.797,NA,-1,NA,69,0.1,215.5,0.14,140,3.68,0,6.77,16.844,16.857,37.89952,-93.31558,256.1,2019-07-19,2019-07-19T12:44:26Z,092,1.6238432226456179,986.1333333333333,0.125,0.11899999999999977
0.7,16.922,NA,-1,NA,69.3,0.1,213.5,0.13,139,4,0,6.77,16.817,16.976,37.89952,-93.31558,256,2019-07-19,2019-07-19T12:44:27Z,092,1.6359553620032663,986.1333333333333,0.14300000000000068,0.14199999999999946
0.72,17.065,NA,-1,NA,69.8,0.1,210.1,0.13,137,4.25,0,6.77,16.781,17.118,37.89953,-93.31558,255.8,2019-07-19,2019-07-19T12:44:28Z,092,1.6497686445291238,986,0.14699999999999847,0.18200000000000216
0.71,17.291,NA,-1,NA,70.7,0.1,209.8,0.13,136,4.26,0,6.77,16.727,17.273,37.89953,-93.31558,255.5,2019-07-19,2019-07-19T12:44:30Z,092,1.6716113228089275,986.1333333333333,0.09600000000000009,0.1819999999999986
0.72,17.387,NA,-1,NA,71.1,0.1,209.9,0.08,136,4.21,0,6.77,16.705,17.455,37.89953,-93.31558,255.5,2019-07-19,2019-07-19T12:44:31Z,092,1.6810016330974415,986.1333333333333,0.09799999999999898,0.05800000000000338
0.72,17.485,NA,-1,NA,71.6,0.1,210,0.08,137,4.28,0,6.77,16.679,17.513,37.89954,-93.31558,255.3,2019-07-19,2019-07-19T12:44:32Z,092,1.6903919433859553,986,0.1479999999999997,0.18299999999999983
0.67,17.633,NA,-1,NA,72,0.1,210.7,0.13,137,4.2,0,6.77,16.66,17.696,37.89954,-93.31558,255.3,2019-07-19,2019-07-19T12:44:33Z,092,1.7047495917256397,985.8666666666667,0.15200000000000102,0.1839999999999975
0.62,17.785,NA,-1,NA,72.4,0.1,210.6,0.2,137,4.3,0,6.77,16.626,17.88,37.89954,-93.31557,255.5,2019-07-19,2019-07-19T12:44:34Z,092,1.7193794229722374,986.1333333333333,0.18299999999999983,0.12199999999999989
0.64,17.968,NA,-1,NA,72.7,0.1,208.4,0.21,135,4.57,0,6.77,16.568,18.002,37.89954,-93.31557,255.6,2019-07-19,2019-07-19T12:44:35Z,092,1.7371393576483398,986.1333333333333,0.12399999999999878,0.12700000000000244
0.66,18.092,NA,-1,NA,73.2,0.1,206.6,0.23,134,4.66,0,6.76,16.532,18.129,37.89954,-93.31557,255.2,2019-07-19,2019-07-19T12:44:36Z,092,1.7491834512792597,986,0.09299999999999997,0.05999999999999872
0.68,18.185,NA,-1,NA,73.7,0.1,206.7,0.24,134,4.5,0,6.76,16.516,18.189,37.89954,-93.31557,255,2019-07-19,2019-07-19T12:44:37Z,092,1.758097441480675,986,0.07700000000000173,0.14199999999999946
0.69,18.262,NA,-1,NA,74.2,0.1,209.2,0.24,136,4.26,0,6.76,16.499,18.331,37.89955,-93.31557,254.9,2019-07-19,2019-07-19T12:44:38Z,092,1.7655824714207948,986,0.21799999999999997,0.24099999999999966
0.66,18.48,NA,-1,NA,74.7,0.1,214.6,0.18,140,4.08,0,6.76,16.445,18.572,37.89955,-93.31557,255.1,2019-07-19,2019-07-19T12:44:39Z,092,1.7866766467065869,986,0.16000000000000014,0.0710000000000015
0.67,18.64,NA,-1,NA,75.4,0.1,220,0.13,143,3.88,0,6.76,16.413,18.643,37.89955,-93.31557,255.1,2019-07-19,2019-07-19T12:44:40Z,092,1.8021910724006531,986.1333333333333,0.07600000000000051,0.14000000000000057
0.64,18.716,NA,-1,NA,75.8,0.11,221.8,0.13,144,3.75,0,6.76,16.388,18.783,37.89955,-93.31557,255.2,2019-07-19,2019-07-19T12:44:41Z,092,1.8095400108873163,986,0.125,0.07499999999999929
0.59,18.841,NA,-1.1,NA,76.4,0.11,224,0.16,146,3.67,0,6.76,16.344,18.858,37.89955,-93.31557,255.2,2019-07-19,2019-07-19T12:44:42Z,092,1.8215841045182362,986,0.10200000000000031,0.0990000000000002
0.61,18.943,NA,-1.1,NA,76.8,0.11,224.7,0.16,146,3.74,0,6.76,16.306,18.957,37.89955,-93.31557,255.2,2019-07-19,2019-07-19T12:44:43Z,092,1.831518780620577,986,0.03500000000000014,0.03200000000000003
0.62,18.978,NA,-1.1,NA,77.2,0.11,225.4,0.12,147,3.71,0,6.77,16.285,18.989,37.89956,-93.31557,255,2019-07-19,2019-07-19T12:44:44Z,092,1.8348530212302667,986.1333333333333,0.04099999999999682,0.04299999999999926
0.62,19.019,NA,-1.1,NA,77.7,0.11,225.8,0.14,147,3.64,0,6.77,16.264,19.032,37.89956,-93.31557,255,2019-07-19,2019-07-19T12:44:45Z,092,1.8387996733805116,986.1333333333333,0.05700000000000216,0.08500000000000085
0.59,19.128,NA,-1.1,NA,78.5,0.11,227.5,0.13,148,3.71,0,6.78,16.2,19.104,37.89956,-93.31557,254,2019-07-19,2019-07-19T12:44:47Z,092,1.849414806750136,985.8666666666667,0.07400000000000162,0.16600000000000037
0.58,19.202,NA,-1.1,NA,78.9,0.11,228.3,0.12,148,3.7,0,6.78,16.18,19.27,37.89957,-93.31557,254.1,2019-07-19,2019-07-19T12:44:48Z,092,1.8566276537833424,986.1333333333333,0.08999999999999986,0.036000000000001364
0.59,19.292,NA,-1.1,NA,79.3,0.11,228.4,0.14,148,3.69,0,6.78,16.161,19.306,37.89957,-93.31557,254,2019-07-19,2019-07-19T12:44:49Z,092,1.8652694610778442,986.1333333333333,0.125,0.1769999999999996
0.61,19.417,NA,-1.1,NA,79.6,0.11,227.8,0.16,148,3.87,0,6.78,16.135,19.483,37.89957,-93.31557,253.9,2019-07-19,2019-07-19T12:44:50Z,092,1.8773816004354926,986.1333333333333,0.16799999999999926,0.14999999999999858
0.66,19.585,NA,-1.1,NA,79.9,0.11,227.4,0.16,148,3.99,0,6.78,16.103,19.633,37.89957,-93.31557,253.7,2019-07-19,2019-07-19T12:44:51Z,092,1.8935764833968427,986.1333333333333,0.10899999999999821,0.0990000000000002
0.66,19.694,NA,-1.1,NA,80.3,0.11,227.5,0.15,148,3.9,0,6.78,16.078,19.732,37.89958,-93.31557,253.8,2019-07-19,2019-07-19T12:44:52Z,092,1.9042596624931953,986,0.0920000000000023,0.09799999999999898
0.6,19.848,NA,-1.1,NA,81.1,0.11,227.2,0.14,148,4.05,0,6.78,16.044,19.847,37.89958,-93.31557,254.2,2019-07-19,2019-07-19T12:44:54Z,092,1.9190936309199782,986,0.04299999999999926,0.12099999999999866
0.61,19.891,NA,-1.1,NA,81.5,0.11,227.6,0.15,148,3.99,0,6.78,16.018,19.968,37.89958,-93.31557,253.9,2019-07-19,2019-07-19T12:44:55Z,092,1.92317637452368,986.1333333333333,0.14800000000000324,0.09600000000000009
0.59,20.039,NA,-1.1,NA,82.2,0.11,229.1,0.2,149,3.66,0,6.78,15.972,20.064,37.89958,-93.31556,253.7,2019-07-19,2019-07-19T12:44:56Z,092,1.9375340228633642,986,0.11999999999999744,0.1479999999999997
0.58,20.159,NA,-1.1,NA,82.6,0.11,232.9,0.24,151,3.44,0,6.78,15.948,20.212,37.89958,-93.31556,253.8,2019-07-19,2019-07-19T12:44:57Z,092,1.949169842133914,986,0.10699999999999932,0.10000000000000142
0.58,20.266,NA,-1.1,NA,82.9,0.11,235.6,0.22,153,3.54,0,6.79,15.929,20.312,37.89958,-93.31556,253.7,2019-07-19,2019-07-19T12:44:58Z,092,1.9595808383233533,986.1333333333333,0.1410000000000018,0.14499999999999957
0.59,20.407,NA,-1.1,NA,83.3,0.11,237.2,0.18,154,3.57,0,6.79,15.902,20.457,37.89958,-93.31556,253.8,2019-07-19,2019-07-19T12:44:59Z,092,1.9731899836690256,986.1333333333333,0.1670000000000016,0.17800000000000082
0.59,20.574,NA,-1.1,NA,83.6,0.11,238.2,0.19,155,3.63,0,6.79,15.868,20.635,37.89958,-93.31556,253.9,2019-07-19,2019-07-19T12:45:00Z,092,1.9893168209036471,986.1333333333333,0.13799999999999812,0.11899999999999977
0.57,20.712,NA,-1.1,NA,83.8,0.11,238.6,0.17,155,3.85,0,6.79,15.846,20.754,37.89958,-93.31556,254,2019-07-19,2019-07-19T12:45:01Z,092,2.0027218290691344,986,0.13599999999999923,0.16300000000000026
0.55,20.848,NA,-1.1,NA,84.2,0.11,237.8,0.19,155,3.88,0,6.8,15.794,20.917,37.89958,-93.31556,254.2,2019-07-19,2019-07-19T12:45:02Z,092,2.015854654327708,986.1333333333333,0.1980000000000004,0.18900000000000006
0.57,21.046,NA,-1.1,NA,84.6,0.11,236.7,0.18,154,3.83,0,6.8,15.757,21.106,37.89959,-93.31556,254.3,2019-07-19,2019-07-19T12:45:03Z,092,2.0350435492651062,986.1333333333333,0.16199999999999903,0.16699999999999804
0.55,21.208,NA,-1.1,NA,85,0.11,236.8,0.13,154,3.73,0,6.8,15.731,21.273,37.89959,-93.31556,254.5,2019-07-19,2019-07-19T12:45:04Z,092,2.050694066412629,986,0.14700000000000202,0.11799999999999855
0.54,21.355,NA,-1.1,NA,85.4,0.11,238.1,0.15,155,3.71,0,6.8,15.703,21.391,37.89959,-93.31556,254.5,2019-07-19,2019-07-19T12:45:05Z,092,2.064915623298857,986,0.12399999999999878,0.1280000000000001
0.54,21.479,NA,-1.1,NA,85.9,0.11,241.2,0.16,157,3.61,0,6.8,15.634,21.519,37.89959,-93.31556,254.6,2019-07-19,2019-07-19T12:45:06Z,092,2.076959716929777,986,0.1180000000000021,0.1390000000000029
0.5,21.597,NA,-1.1,NA,86.4,0.12,243.7,0.13,158,3.6,0,6.8,15.561,21.658,37.89959,-93.31556,253.9,2019-07-19,2019-07-19T12:45:07Z,092,2.0883913990201415,986,0.10799999999999699,0.07399999999999807
0.52,21.705,NA,-1.1,NA,86.7,0.12,245.6,0.07,160,3.72,0,6.8,15.514,21.732,37.89959,-93.31556,254,2019-07-19,2019-07-19T12:45:08Z,092,2.098802395209581,986,0.12300000000000111,0.14300000000000068
0.55,21.828,NA,-1.1,NA,86.9,0.12,246.7,0.14,160,3.92,0,6.8,15.471,21.875,37.89959,-93.31556,253.9,2019-07-19,2019-07-19T12:45:09Z,092,2.110710397387044,986,0.1479999999999997,0.15399999999999991
0.54,21.976,NA,-1.1,NA,87.1,0.12,247,0.16,161,4.62,0,6.8,15.442,22.029,37.89959,-93.31556,254.1,2019-07-19,2019-07-19T12:45:10Z,092,2.1250680457267284,985.8666666666667,0.11400000000000077,0.10600000000000165
0.54,22.09,NA,-1.2,NA,87.2,0.12,247.1,0.12,161,5.18,0,6.8,15.413,22.135,37.8996,-93.31557,253.8,2019-07-19,2019-07-19T12:45:11Z,092,2.136159499183451,986,0.12199999999999989,0.12099999999999866
0.57,22.212,NA,-1.2,NA,87.1,0.12,247.8,0.14,161,5.63,0,6.8,15.386,22.256,37.8996,-93.31557,254,2019-07-19,2019-07-19T12:45:12Z,092,2.1478633641807297,986.1333333333333,0.11200000000000188,0.1269999999999989
0.55,22.324,NA,-1.2,NA,86.7,0.12,248.8,0.16,162,5.79,0,6.8,15.35,22.383,37.89959,-93.31557,254.3,2019-07-19,2019-07-19T12:45:13Z,092,2.1587506804572674,986,0.14599999999999724,0.11200000000000188
0.52,22.47,NA,-1.2,NA,86.3,0.12,250.6,0.22,163,5.6,0,6.81,15.32,22.495,37.89959,-93.31557,254.5,2019-07-19,2019-07-19T12:45:14Z,092,2.1729041916167664,986.1333333333333,0.12400000000000233,0.16900000000000048
0.53,22.594,NA,-1.2,NA,86.1,0.12,252.3,0.18,164,5.38,0,6.81,15.29,22.664,37.89959,-93.31557,254.7,2019-07-19,2019-07-19T12:45:15Z,092,2.1849482852476863,986.1333333333333,0.1269999999999989,0.12099999999999866
0.55,22.721,NA,-1.2,NA,85.9,0.12,253.9,0.13,165,5.55,0,6.81,15.262,22.785,37.89959,-93.31557,255.4,2019-07-19,2019-07-19T12:45:16Z,092,2.1971965160587916,986,0.16999999999999815,0.13100000000000023
0.56,22.891,NA,-1.2,NA,85.8,0.12,254.9,0.15,166,5.83,0,6.81,15.243,22.916,37.89959,-93.31557,255.1,2019-07-19,2019-07-19T12:45:17Z,092,2.2135955362003266,986,0.09300000000000352,0.10299999999999798
0.56,22.984,NA,-1.2,NA,85.6,0.12,255.4,0.16,166,6,0,6.81,15.224,23.019,37.89959,-93.31557,255.2,2019-07-19,2019-07-19T12:45:18Z,092,2.22257757212847,986.1333333333333,0.07199999999999918,0.06500000000000128
0.49,23.056,NA,-1.2,NA,85.4,0.12,255.5,0.15,166,6.05,0,6.81,15.215,23.084,37.8996,-93.31557,255,2019-07-19,2019-07-19T12:45:19Z,092,2.2295862819814913,986.1333333333333,0.17299999999999827,0.20200000000000173
0.46,23.229,NA,-1.2,NA,84.9,0.12,255.5,0.15,166,6.04,0,6.81,15.19,23.286,37.8996,-93.31557,255.2,2019-07-19,2019-07-19T12:45:20Z,092,2.24625748502994,986.2666666666668,0.10699999999999932,0.1280000000000001
0.49,23.336,NA,-1.2,NA,84.2,0.12,255.8,0.19,166,6.12,0,6.81,15.159,23.414,37.8996,-93.31557,254.7,2019-07-19,2019-07-19T12:45:21Z,092,2.2566684812193794,986.2666666666668,0.1720000000000006,0.11899999999999977
0.51,23.508,NA,-1.2,NA,80.9,0.12,256.4,0.24,167,6.1,0,6.81,15.098,23.533,37.8996,-93.31557,254.9,2019-07-19,2019-07-19T12:45:22Z,092,2.2733396842678277,986,0.10500000000000043,0.1609999999999978
0.52,23.613,NA,-1.2,NA,70.7,0.12,258.3,0.21,168,5.78,0,6.81,15.037,23.694,37.8996,-93.31557,255.1,2019-07-19,2019-07-19T12:45:23Z,092,2.2835465432770823,986.1333333333333,0.16199999999999903,0.08999999999999986
0.53,23.775,NA,-1.2,NA,66.6,0.12,259.7,0.17,169,5.14,0,6.81,14.94,23.784,37.8996,-93.31557,254.9,2019-07-19,2019-07-19T12:45:24Z,092,2.2992651061513336,986,0.04400000000000048,0.04800000000000182
0.53,23.819,NA,-1.2,NA,65.6,0.12,261.5,0.14,170,4.68,0,6.81,14.876,23.832,37.8996,-93.31557,255.1,2019-07-19,2019-07-19T12:45:25Z,092,2.303483941208492,986.1333333333333,0.07700000000000173,0.10899999999999821
0.5,23.955,NA,-1.3,NA,62.9,0.13,266.4,0.21,173,4.36,0,6.81,14.809,23.959,37.8996,-93.31558,255.4,2019-07-19,2019-07-19T12:45:27Z,092,2.3166848121937944,986.1333333333333,0.08400000000000318,0.10000000000000142
0.52,24.039,NA,-1.3,NA,60,0.13,267.5,0.21,174,4.18,0,6.81,14.777,24.059,37.89961,-93.31558,256,2019-07-19,2019-07-19T12:45:28Z,092,2.3248502994011973,986.1333333333333,0.08899999999999864,0.11100000000000065
0.52,24.128,NA,-1.3,NA,55.9,0.13,268,0.19,174,3.78,0,6.82,14.744,24.17,37.89961,-93.31558,256,2019-07-19,2019-07-19T12:45:29Z,092,2.333424060968971,986.1333333333333,0.10800000000000054,0.08199999999999719
0.55,24.236,NA,-1.3,NA,52.1,0.13,267.9,0.18,174,3.63,0,6.82,14.711,24.252,37.89961,-93.31558,256.2,2019-07-19,2019-07-19T12:45:30Z,092,2.3439031028851387,986.1333333333333,0.04400000000000048,0.08999999999999986
0.55,24.364,NA,-1.3,NA,45.6,0.13,268.2,0.17,174,3.48,0,6.82,14.649,24.365,37.89961,-93.31558,256.6,2019-07-19,2019-07-19T12:45:32Z,092,2.356287425149701,986,0.10500000000000043,0.1750000000000007
0.56,24.469,NA,-1.3,NA,43,0.13,269.2,0.16,175,3.37,0,6.82,14.62,24.54,37.89961,-93.31558,256.7,2019-07-19,2019-07-19T12:45:33Z,092,2.366494284158955,986,0.13299999999999912,0.120000000000001
0.54,24.602,NA,-1.3,NA,41.2,0.13,270.9,0.17,176,3.25,0,6.82,14.599,24.66,37.89961,-93.31558,256.8,2019-07-19,2019-07-19T12:45:34Z,092,2.379354926510615,986.1333333333333,0.14999999999999858,0.12199999999999989
0.52,24.752,NA,-1.3,NA,37.7,0.13,272.5,0.21,177,3.21,0,6.83,14.559,24.782,37.89962,-93.31558,256.7,2019-07-19,2019-07-19T12:45:35Z,092,2.3938486663037564,986,0.11700000000000088,0.12600000000000122
0.55,24.869,NA,-1.3,NA,34.5,0.13,273.7,0.23,178,3.39,0,6.83,14.52,24.908,37.89962,-93.31558,256.5,2019-07-19,2019-07-19T12:45:36Z,092,2.405144256940664,986.2666666666668,0.125,0.10299999999999798
0.57,24.994,NA,-1.3,NA,31,0.13,273,0.2,177,3.63,0,6.82,14.469,25.011,37.89962,-93.31558,256.6,2019-07-19,2019-07-19T12:45:37Z,092,2.4172563962983125,986.2666666666668,0.06099999999999994,0.10699999999999932
0.6,25.055,NA,-1.3,NA,28.5,0.13,271.4,0.22,176,3.81,0,6.82,14.435,25.118,37.89962,-93.31558,255.8,2019-07-19,2019-07-19T12:45:38Z,092,2.4232444202504086,986.1333333333333,0.1410000000000018,0.09100000000000108
0.65,25.196,NA,-1.3,NA,25.1,0.13,270.7,0.23,176,3.95,0,6.82,14.409,25.209,37.89962,-93.31558,256,2019-07-19,2019-07-19T12:45:39Z,092,2.436921611322809,986.1333333333333,0.047999999999998266,0.08899999999999864
0.67,25.244,NA,-1.3,NA,22,0.13,272.5,0.2,177,4.16,0,6.81,14.391,25.298,37.89963,-93.31558,255.7,2019-07-19,2019-07-19T12:45:40Z,092,2.4415487207403377,986.1333333333333,0.14000000000000057,0.10900000000000176
0.68,25.384,NA,-1.3,NA,18.9,0.13,277.1,0.25,180,4.25,0,6.8,14.359,25.407,37.89963,-93.31558,255.8,2019-07-19,2019-07-19T12:45:41Z,092,2.455021774632553,986,0.12399999999999878,0.16799999999999926
0.68,25.508,NA,-1.3,NA,16.1,0.13,280.2,0.2,182,4.18,0,6.8,14.329,25.575,37.89963,-93.31558,255.7,2019-07-19,2019-07-19T12:45:42Z,092,2.467065868263473,986,0.13100000000000023,0.08099999999999952
0.71,25.639,NA,-1.3,NA,13.7,0.13,281.4,0.17,183,4.29,0,6.8,14.306,25.656,37.89963,-93.31558,255.6,2019-07-19,2019-07-19T12:45:43Z,092,2.4797223734349485,986,0.036999999999999034,0.053000000000000824
0.73,25.676,NA,-1.3,NA,12.3,0.13,281.8,0.23,183,4.37,0,6.81,14.303,25.709,37.89963,-93.31558,255.7,2019-07-19,2019-07-19T12:45:44Z,092,2.48339684267828,986.1333333333333,0.06300000000000239,0.0519999999999996
0.72,25.739,NA,-1.3,NA,10.5,0.14,282.2,0.24,183,4.18,0,6.81,14.297,25.761,37.89963,-93.31558,255.9,2019-07-19,2019-07-19T12:45:45Z,092,2.489452912357104,986.1333333333333,0.09199999999999875,0.10000000000000142
0.7,25.831,NA,-1.3,NA,9.3,0.14,282.5,0.26,184,4.16,0,6.81,14.291,25.861,37.89963,-93.31558,255.9,2019-07-19,2019-07-19T12:45:46Z,092,2.4982988568317914,986.1333333333333,0.0730000000000004,0.06700000000000017
0.72,25.904,NA,-1.3,NA,7.9,0.14,282.7,0.27,184,4.29,0,6.81,14.285,25.928,37.89963,-93.31558,255.9,2019-07-19,2019-07-19T12:45:47Z,092,2.505443658138269,986.1333333333333,0.05999999999999872,0.06700000000000017
0.77,25.964,NA,-1.3,NA,6.4,0.14,282.9,0.27,184,4.38,0,6.81,14.275,25.995,37.89963,-93.31558,256,2019-07-19,2019-07-19T12:45:48Z,092,2.51122754491018,986.1333333333333,0.05799999999999983,0.0519999999999996
0.78,26.022,NA,-1.3,NA,5,0.14,283.3,0.27,184,4.58,0,6.81,14.254,26.047,37.89963,-93.31558,256.2,2019-07-19,2019-07-19T12:45:49Z,092,2.5168072945019055,986.1333333333333,0.10200000000000031,0.13700000000000045
0.73,26.124,NA,-1.3,NA,3.4,0.14,283.7,0.27,184,4.57,0,6.81,14.229,26.184,37.89963,-93.31558,256.2,2019-07-19,2019-07-19T12:45:50Z,092,2.526741970604246,986.1333333333333,0.13800000000000168,0.10099999999999909
0.71,26.262,NA,-1.3,NA,2.6,0.14,284.4,0.29,185,4.16,0,6.81,14.213,26.285,37.89963,-93.31558,256.4,2019-07-19,2019-07-19T12:45:51Z,092,2.540078933043005,986,0.0940000000000012,0.1490000000000009
0.64,26.468,NA,-1.4,NA,1.9,0.14,284.1,0.24,185,3.73,0,6.82,14.17,26.462,37.89963,-93.31558,256.5,2019-07-19,2019-07-19T12:45:53Z,092,2.560016330974415,986,0.0730000000000004,0.09799999999999898
0.67,26.541,NA,-1.4,NA,1.5,0.14,283.8,0.25,184,3.74,0,6.82,14.144,26.56,37.89963,-93.31559,256.6,2019-07-19,2019-07-19T12:45:54Z,092,2.5670930865541646,986,0.0779999999999994,0.08999999999999986
0.69,26.65,NA,-1.4,NA,0.5,0.14,283.4,0.22,184,3.95,0,6.82,14.104,26.66,37.89964,-93.3156,255.7,2019-07-19,2019-07-19T12:45:56Z,092,2.577572128470332,986,0.08400000000000318,0.1269999999999989
0.69,26.734,NA,-1.4,NA,-0.3,0.14,283.5,0.27,184,4.09,0,6.82,14.084,26.787,37.89964,-93.31561,255.4,2019-07-19,2019-07-19T12:45:57Z,092,2.5857376156777354,986.1333333333333,0.1269999999999989,0.08900000000000219
0.7,26.861,NA,-1.4,NA,-1,0.14,283.6,0.25,184,4.12,0,6.82,14.07,26.876,37.89964,-93.31561,255.2,2019-07-19,2019-07-19T12:45:58Z,092,2.5979858464888403,986,0.05699999999999861,0.08399999999999963
0.69,26.936,NA,-1.4,NA,-1.7,0.14,284,0.25,185,4.05,0,6.82,14.068,26.928,37.89964,-93.31561,254.7,2019-07-19,2019-07-19T12:46:00Z,092,2.6053347849755033,986,0.053999999999998494,0.10200000000000031
0.68,26.99,NA,-1.4,NA,-2.2,0.14,284.1,0.2,185,4.14,0,6.82,14.064,27.03,37.89964,-93.31561,254.9,2019-07-19,2019-07-19T12:46:01Z,092,2.6105743059335875,986,0.07000000000000028,0.0519999999999996
0.68,27.06,NA,-1.4,NA,-2.5,0.14,284.2,0.21,185,4.13,0,6.82,14.057,27.082,37.89964,-93.31561,254.7,2019-07-19,2019-07-19T12:46:02Z,092,2.617242787152967,986,0.08399999999999963,0.06299999999999883
0.71,27.144,NA,-1.4,NA,-2.8,0.14,284.4,0.28,185,4.16,0,6.82,14.043,27.145,37.89964,-93.31561,254.7,2019-07-19,2019-07-19T12:46:03Z,092,2.62540827436037,986,0.02500000000000213,0.04299999999999926
3.29,27.207,NA,-1.4,NA,-2.9,0.14,285.1,0.96,185,7.24,0,6.82,13.992,27.207,37.89965,-93.31561,254.4,2019-07-19,2019-07-19T12:46:05Z,092,2.631532389765923,986,0.021999999999998465,0.03200000000000003
6.28,27.229,NA,-1.4,NA,-2.9,0.14,285.6,2.8,186,52.41,0,6.82,13.967,27.239,37.89965,-93.31561,254.4,2019-07-19,2019-07-19T12:46:06Z,092,2.633641807294502,985.8666666666667,0.027000000000001023,0.0329999999999977
4.64,27.289,NA,-1.4,NA,-4.1,0.14,289.3,2.48,188,101.73,0,6.8,13.908,27.293,37.89965,-93.31561,254.3,2019-07-19,2019-07-19T12:46:08Z,092,2.639493739793141,986,0.019999999999999574,0.03200000000000003
