"","Date","Time","X.C","mmHg","DO..","DO.mg.L","SPC.uS.cm","pH","ORP.mV","NTU","TSS.mg.L","BGA.PC.ug.L","BGA.PE.ug.L","Chl.ug.L","fDOM.RFU","DEP.m","VPos.m"
"1","7/18/2017","17:08:24",31.978,737.3,157.1,11.46,520,8.79,77.5,-853.81,0,1.72,NA,16.21,NA,0.006,0
"2","7/18/2017","17:08:25",31.978,737.2,157.5,11.5,520,8.8,77.1,-853.83,0,1.74,NA,16.26,NA,0.007,0
"3","7/18/2017","17:08:26",31.979,737.2,157.9,11.52,520,8.8,77,-853.85,0,1.76,NA,16.29,NA,0.008,0
"5","7/18/2017","17:08:28",31.979,737.3,158.5,11.57,520,8.81,76.7,-853.97,0,1.8,NA,16.26,NA,0.009,0
"7","7/18/2017","17:08:30",31.979,737.3,159,11.6,520,8.81,76.5,-853.96,0,1.86,NA,16.27,NA,0.01,0
"8","7/18/2017","17:08:31",31.98,737.3,159.1,11.61,520,8.81,76.5,-853.95,0,1.88,NA,16.34,NA,0.011,0
"10","7/18/2017","17:08:33",31.98,737.2,159.4,11.63,520,8.82,76.3,-853.92,0,1.91,NA,16.33,NA,0.012,0
"11","7/18/2017","17:08:34",31.981,737.2,159.6,11.65,520,8.82,76.3,-853.99,0,1.92,NA,16.32,NA,0.013,0
"12","7/18/2017","17:08:35",31.981,737.2,159.7,11.66,520,8.82,76.2,-853.99,0,1.92,NA,16.29,NA,0.014,0
"13","7/18/2017","17:08:36",31.982,737.3,159.8,11.66,520,8.82,76.2,-854.01,0,1.92,NA,16.29,NA,0.015,0
"14","7/18/2017","17:08:37",31.982,737.3,159.9,11.67,520,8.82,76.2,-854.09,0,1.92,NA,16.26,NA,0.016,0
"15","7/18/2017","17:08:38",31.983,737.2,160,11.68,520,8.82,76.2,-854.13,0,1.91,NA,16.31,NA,0.017,0
"17","7/18/2017","17:08:40",31.984,737.2,160.6,11.72,520,8.82,76.2,-854.09,0,1.92,NA,16.38,NA,0.018,0
"18","7/18/2017","17:08:41",31.985,737.2,160.8,11.74,520,8.83,76.1,-854.1,0,1.92,NA,16.44,NA,0.019,0
"19","7/18/2017","17:08:42",31.986,737.3,161.1,11.75,520,8.83,76,-854.14,0,1.92,NA,16.35,NA,0.02,0
"20","7/18/2017","17:08:43",31.987,737.3,161.3,11.77,520,8.83,75.9,-854.17,0,1.93,NA,16.34,NA,0.021,0
"21","7/18/2017","17:08:44",31.988,737.2,161.5,11.78,520,8.83,75.9,-854.27,0,1.92,NA,16.37,NA,0.022,0
"22","7/18/2017","17:08:45",31.99,737.2,161.8,11.81,520,8.84,75.9,-854.32,0,1.94,NA,16.45,NA,0.023,0
"23","7/18/2017","17:08:46",31.991,737.2,162,11.82,520,8.84,75.9,-854.28,0,1.96,NA,16.46,NA,0.025,0
"25","7/18/2017","17:08:48",31.994,737.3,162.4,11.85,520,8.84,76,-854.41,0,1.96,NA,16.41,NA,0.026,0
"26","7/18/2017","17:08:49",31.996,737.3,162.5,11.86,520,8.84,76.1,-854.41,0,1.95,NA,16.36,NA,0.027,0
"27","7/18/2017","17:08:50",31.998,737.3,162.7,11.87,520,8.84,76.2,-854.48,0,1.95,NA,16.17,NA,0.028,0
"28","7/18/2017","17:08:51",32,737.2,162.9,11.88,520,8.84,76.3,-854.51,0,1.95,NA,16.09,NA,0.029,0
"29","7/18/2017","17:08:52",32.002,737.3,163.1,11.9,520,8.84,76.3,-854.55,0,1.94,NA,15.99,NA,0.03,0
"30","7/18/2017","17:08:53",32.004,737.2,163.2,11.91,520,8.84,76.5,-854.66,0,1.93,NA,15.96,NA,0.031,0
"31","7/18/2017","17:08:54",32.005,737.3,163.3,11.91,520,8.84,76.6,-854.62,0,1.94,NA,15.94,NA,0.032,0
"37","7/18/2017","17:09:00",32.012,737.3,163.8,11.95,520,8.85,77.2,-854.67,0,1.92,NA,15.46,NA,0.033,0
"40","7/18/2017","17:09:03",32.014,737.2,164,11.96,520,8.85,77.6,-854.73,0,1.89,NA,15.47,NA,0.034,0
"41","7/18/2017","17:09:04",32.014,737.3,164,11.96,520,8.85,77.7,-854.7,0,1.88,NA,15.53,NA,0.035,0.1
"42","7/18/2017","17:09:05",32.014,737.3,164.1,11.97,520,8.85,77.9,-854.65,0,1.89,NA,15.59,NA,0.037,0.2
"43","7/18/2017","17:09:06",32.013,737.3,164.1,11.97,520,8.85,78.1,-854.59,0,1.9,NA,15.71,NA,0.042,0.3
"44","7/18/2017","17:09:07",32.012,737.2,164.1,11.97,520,8.85,78.2,-854.54,0,1.9,NA,16,NA,0.052,0.3
"45","7/18/2017","17:09:08",32.01,737.3,164.2,11.98,520,8.85,78.4,-854.54,0,1.91,NA,16.27,NA,0.059,0.3
"46","7/18/2017","17:09:09",32.007,737.3,164.2,11.98,520,8.85,78.6,-854.57,0,1.92,NA,16.49,NA,0.068,0.4
"47","7/18/2017","17:09:10",32.004,737.3,164.3,11.98,520,8.85,78.7,-854.58,0,1.95,NA,16.83,NA,0.078,0.4
"48","7/18/2017","17:09:11",32,737.3,164.3,11.99,520,8.85,78.9,-854.57,0,1.98,NA,19.68,NA,0.088,0.4
"49","7/18/2017","17:09:12",31.996,737.2,164.3,11.99,520,8.85,79,-854.52,0,2,NA,17,NA,0.101,0.4
"50","7/18/2017","17:09:13",31.992,737.2,164.4,11.99,520,8.85,79.2,-854.52,0,2,NA,19.83,NA,0.111,0.4
"51","7/18/2017","17:09:14",31.988,737.3,164.4,11.99,520,8.85,79.3,-854.46,0,2.05,NA,19.52,NA,0.122,0.5
"52","7/18/2017","17:09:15",31.983,737.3,164.4,12,520,8.85,79.5,-854.41,0,2.06,NA,19.43,NA,0.133,0.4
"53","7/18/2017","17:09:16",31.979,737.3,164.4,12,520,8.85,79.6,-854.49,0,2.08,NA,19.32,NA,0.145,0.4
"54","7/18/2017","17:09:17",31.975,737.3,164.4,12,520,8.85,79.8,-854.55,0,2.1,NA,19.22,NA,0.156,0.5
"55","7/18/2017","17:09:18",31.972,737.3,164.5,12.01,520,8.85,79.9,-854.58,0,2.13,NA,19.08,NA,0.167,0.5
"56","7/18/2017","17:09:19",31.969,737.3,164.5,12.01,520,8.85,80.1,-854.53,0,2.14,NA,18.96,NA,0.178,0.5
"57","7/18/2017","17:09:20",31.968,737.3,164.5,12.01,520,8.85,80.2,-854.57,0,2.15,NA,18.94,NA,0.191,0.5
"58","7/18/2017","17:09:21",31.965,737.2,164.5,12.01,520,8.85,80.3,-854.65,0,2.18,NA,18.95,NA,0.201,0.5
"59","7/18/2017","17:09:22",31.963,737.3,164.5,12.01,520,8.85,80.4,-854.6,0,2.21,NA,18.95,NA,0.212,0.5
"60","7/18/2017","17:09:23",31.962,737.3,164.6,12.01,520,8.85,80.6,-854.61,0,2.22,NA,18.95,NA,0.224,0.5
"61","7/18/2017","17:09:24",31.962,737.3,164.6,12.02,520,8.85,80.7,-854.6,0,2.22,NA,18.98,NA,0.235,0.5
"62","7/18/2017","17:09:25",31.961,737.3,164.6,12.02,520,8.85,80.9,-854.61,0,2.21,NA,18.95,NA,0.249,0.5
"63","7/18/2017","17:09:26",31.959,737.3,164.6,12.02,520,8.86,81,-854.6,0,2.2,NA,18.92,NA,0.26,0.5
"64","7/18/2017","17:09:27",31.957,737.3,164.6,12.02,520,8.86,81.1,-854.6,0,2.21,NA,18.91,NA,0.272,0.5
"65","7/18/2017","17:09:28",31.956,737.3,164.6,12.02,520,8.86,81.2,-854.55,0,2.23,NA,18.97,NA,0.284,0.5
"66","7/18/2017","17:09:29",31.954,737.2,164.6,12.02,520,8.86,81.3,-854.56,0,2.22,NA,19.08,NA,0.298,0.5
"67","7/18/2017","17:09:30",31.951,737.3,164.6,12.02,520,8.86,81.5,-854.62,0,2.22,NA,19.55,NA,0.31,0.5
"68","7/18/2017","17:09:31",31.949,737.2,164.6,12.02,520,8.86,81.5,-854.6,0,2.22,NA,19.03,NA,0.322,0.5
"69","7/18/2017","17:09:32",31.946,737.3,164.5,12.02,520,8.86,81.6,-854.59,0,2.22,NA,18.91,NA,0.335,0.5
"70","7/18/2017","17:09:33",31.943,737.3,164.5,12.01,520,8.86,81.8,-854.59,0,2.18,NA,19.44,NA,0.35,0.5
"71","7/18/2017","17:09:34",31.939,737.3,164.5,12.01,520,8.86,81.9,-854.56,0,2.2,NA,19.45,NA,0.364,0.6
"72","7/18/2017","17:09:35",31.936,737.3,164.4,12.01,520,8.86,82.1,-854.54,0,2.19,NA,19.71,NA,0.377,0.6
"73","7/18/2017","17:09:36",31.934,737.3,164.4,12,520,8.86,82.1,-854.52,0,2.19,NA,19.87,NA,0.391,0.6
"74","7/18/2017","17:09:37",31.931,737.3,164.3,12,520,8.86,82.3,-854.6,0,2.18,NA,20.04,NA,0.405,0.6
"75","7/18/2017","17:09:38",31.927,737.2,164.3,12,520,8.86,82.4,-854.46,0,2.17,NA,20.04,NA,0.422,0.6
"76","7/18/2017","17:09:39",31.925,737.2,164.2,11.99,520,8.86,82.6,-854.32,0,2.19,NA,20.08,NA,0.437,0.6
"77","7/18/2017","17:09:40",31.923,737.3,164.2,11.99,520,8.86,82.8,-854.29,0,2.2,NA,20.05,NA,0.451,0.6
"78","7/18/2017","17:09:41",31.92,737.2,164.1,11.99,520,8.86,82.9,-854.22,0,2.18,NA,20.07,NA,0.465,0.6
"79","7/18/2017","17:09:42",31.917,737.2,164.1,11.99,520,8.86,83,-854.22,0,2.2,NA,20.17,NA,0.482,0.6
"80","7/18/2017","17:09:43",31.915,737.3,164,11.98,520,8.86,83.2,-854.2,0,2.23,NA,20.11,NA,0.493,0.6
"81","7/18/2017","17:09:44",31.913,737.3,164,11.98,520,8.86,83.3,-854.16,0,2.24,NA,20.05,NA,0.502,0.6
"82","7/18/2017","17:09:45",31.91,737.3,163.9,11.98,520,8.86,83.5,-854.1,0,2.26,NA,20.08,NA,0.51,0.6
"83","7/18/2017","17:09:46",31.907,737.3,163.8,11.97,520,8.86,83.6,-853.99,0,2.27,NA,20.13,NA,0.519,0.7
"84","7/18/2017","17:09:47",31.903,737.3,163.8,11.97,520,8.86,83.8,-853.94,0,2.27,NA,20.14,NA,0.526,0.7
"85","7/18/2017","17:09:48",31.898,737.3,163.7,11.96,520,8.86,83.9,-853.89,0,2.27,NA,20.18,NA,0.532,0.7
"86","7/18/2017","17:09:49",31.892,737.3,163.6,11.95,520,8.86,84.1,-853.85,0,2.25,NA,20.23,NA,0.538,0.7
"87","7/18/2017","17:09:50",31.886,737.3,163.4,11.94,520,8.86,84.2,-853.81,0,2.24,NA,20.22,NA,0.546,0.7
"88","7/18/2017","17:09:51",31.881,737.2,163.3,11.93,520,8.86,84.4,-853.77,0,2.23,NA,20.29,NA,0.553,0.7
"89","7/18/2017","17:09:52",31.877,737.2,163.1,11.92,520,8.86,84.6,-853.8,0,2.24,NA,20.37,NA,0.559,0.7
"90","7/18/2017","17:09:53",31.869,737.3,162.8,11.9,520,8.86,84.8,-853.91,0,2.25,NA,25.16,NA,0.566,0.7
"91","7/18/2017","17:09:54",31.863,737.3,162.6,11.89,520,8.86,84.9,-853.93,0,2.27,NA,21.27,NA,0.573,0.7
"92","7/18/2017","17:09:55",31.854,737.2,162.2,11.86,520,8.86,85.2,-853.98,0,2.27,NA,19.31,NA,0.582,0.7
"93","7/18/2017","17:09:56",31.842,737.2,162,11.85,521,8.86,85.3,-854,0,2.27,NA,20.69,NA,0.589,0.7
"94","7/18/2017","17:09:57",31.826,737.2,161.5,11.82,521,8.86,85.5,-853.96,0,2.29,NA,20.82,NA,0.596,0.7
"95","7/18/2017","17:09:58",31.806,737.3,161.1,11.79,521,8.85,85.8,-853.9,0,2.3,NA,21.39,NA,0.604,0.8
"96","7/18/2017","17:09:59",31.784,737.3,154.6,11.32,521,8.85,86,-853.85,0,2.3,NA,21.72,NA,0.613,0.8
"97","7/18/2017","17:10:00",31.763,737.3,153.3,11.23,521,8.85,86.4,-853.81,0,2.3,NA,21.91,NA,0.62,0.8
"98","7/18/2017","17:10:01",31.741,737.3,151.4,11.09,521,8.85,86.7,-853.81,0,2.3,NA,22.03,NA,0.628,0.8
"99","7/18/2017","17:10:02",31.723,737.3,151,11.07,522,8.84,87,-853.81,0,2.3,NA,22.19,NA,0.636,0.8
"100","7/18/2017","17:10:03",31.703,737.1,150.1,11.01,522,8.84,87.3,-853.81,0,2.31,NA,22.25,NA,0.644,0.8
"101","7/18/2017","17:10:04",31.683,737.2,149.5,10.96,522,8.83,87.6,-853.72,0,2.29,NA,22.46,NA,0.652,0.8
"102","7/18/2017","17:10:05",31.657,737.2,148.6,10.9,522,8.83,87.9,-853.68,0,2.3,NA,22.45,NA,0.66,0.8
"103","7/18/2017","17:10:06",31.635,737.2,147.9,10.85,522,8.82,88.2,-853.64,0,2.32,NA,22.49,NA,0.667,0.8
"104","7/18/2017","17:10:07",31.595,737.3,147.1,10.8,523,8.82,88.5,-853.57,0,2.35,NA,22.6,NA,0.676,0.8
"105","7/18/2017","17:10:08",31.556,737.3,141.2,10.37,523,8.81,88.8,-853.51,0,2.39,NA,22.73,NA,0.683,0.8
"106","7/18/2017","17:10:09",31.507,737.3,139,10.22,524,8.71,89.2,-853.47,0,2.41,NA,22.73,NA,0.691,0.8
"107","7/18/2017","17:10:10",31.47,737.2,137.8,10.14,524,8.7,89.6,-853.51,0,2.43,NA,22.91,NA,0.698,0.8
"108","7/18/2017","17:10:11",31.428,737.3,137.2,10.1,524,8.69,89.9,-853.53,0,2.45,NA,23.03,NA,0.705,0.8
"109","7/18/2017","17:10:12",31.375,737.3,136.6,10.06,525,8.69,90.3,-853.58,0,2.45,NA,23.85,NA,0.714,0.9
"110","7/18/2017","17:10:13",31.333,737.2,135.9,10.02,525,8.69,90.7,-853.66,0,2.46,NA,21.93,NA,0.722,0.9
"111","7/18/2017","17:10:14",31.287,737.2,134.9,9.96,526,8.68,91.1,-853.73,0,2.47,NA,24.76,NA,0.73,0.9
"112","7/18/2017","17:10:15",31.248,737.3,133.9,9.89,526,8.67,91.6,-853.79,0,2.47,NA,23.02,NA,0.738,0.9
"113","7/18/2017","17:10:16",31.201,737.2,128.7,9.51,526,8.67,91.9,-853.89,0,2.48,NA,23.38,NA,0.747,0.9
"114","7/18/2017","17:10:17",31.157,737.3,128.1,9.47,527,8.67,92.3,-853.95,0,2.49,NA,23.69,NA,0.755,0.9
"115","7/18/2017","17:10:18",31.106,737.3,125.6,9.3,527,8.66,92.7,-853.96,0,2.49,NA,23.89,NA,0.763,0.9
"116","7/18/2017","17:10:19",31.066,737.3,124.8,9.24,528,8.66,93.2,-854.05,0,2.52,NA,24,NA,0.771,0.9
"117","7/18/2017","17:10:20",31.03,737.3,123.5,9.16,528,8.65,93.6,-854.03,0,2.53,NA,24.11,NA,0.78,0.9
"118","7/18/2017","17:10:21",31.005,737.3,122.2,9.07,528,8.65,98.9,-854.08,0,2.52,NA,24.11,NA,0.787,0.9
"119","7/18/2017","17:10:22",30.983,737.3,121.4,9.01,528,8.64,99.3,-854.11,0,2.53,NA,24.09,NA,0.794,0.9
"120","7/18/2017","17:10:23",30.961,737.2,120.5,8.95,529,8.64,99.2,-854.14,0,2.55,NA,24.12,NA,0.802,0.9
"121","7/18/2017","17:10:24",30.94,737.2,119.9,8.9,529,8.63,99.2,-854.24,0,2.56,NA,24.2,NA,0.809,0.9
"122","7/18/2017","17:10:25",30.928,737.2,115.6,8.59,529,8.63,99.3,-854.24,0,2.56,NA,22.24,NA,0.818,1
"123","7/18/2017","17:10:26",30.913,737.2,115.1,8.55,529,8.63,99.4,-854.25,0,2.53,NA,22.38,NA,0.825,1
"124","7/18/2017","17:10:27",30.903,737.3,114.5,8.51,529,8.62,99.5,-854.22,0,2.53,NA,22.9,NA,0.831,1
"125","7/18/2017","17:10:28",30.887,737.3,114,8.48,530,8.62,99.6,-854.2,0,2.52,NA,22.71,NA,0.838,1
"126","7/18/2017","17:10:29",30.875,737.3,113.6,8.45,530,8.62,99.6,-854.14,0,2.54,NA,26.37,NA,0.847,1
"127","7/18/2017","17:10:30",30.869,737.2,113.3,8.43,530,8.61,99.7,-854.12,0,2.55,NA,25.74,NA,0.854,1
"128","7/18/2017","17:10:31",30.869,737.2,113.1,8.41,530,8.61,99.7,-854.12,0,2.54,NA,23.64,NA,0.86,1
"129","7/18/2017","17:10:32",30.868,737.3,112.9,8.4,530,8.61,99.8,-854.15,0,2.53,NA,26.54,NA,0.867,1
"130","7/18/2017","17:10:33",30.865,737.2,112.8,8.39,530,8.61,99.9,-854.13,0,2.55,NA,26.54,NA,0.875,1
"131","7/18/2017","17:10:34",30.86,737.2,112.6,8.38,530,8.61,99.9,-854.06,0,2.55,NA,26.49,NA,0.882,1
"132","7/18/2017","17:10:35",30.849,737.3,112.5,8.37,530,8.6,100,-854.13,0,2.57,NA,26.95,NA,0.889,1
"133","7/18/2017","17:10:36",30.84,737.3,112.5,8.37,530,8.6,100.1,-854.08,0,2.56,NA,24.77,NA,0.896,1
"134","7/18/2017","17:10:37",30.832,737.3,112.3,8.36,530,8.6,100.1,-854.06,0,2.56,NA,24.68,NA,0.903,1
"135","7/18/2017","17:10:38",30.827,737.3,112.3,8.35,530,8.59,100.2,-854.11,0,2.54,NA,27.03,NA,0.911,1
"136","7/18/2017","17:10:39",30.823,737.2,112.2,8.35,530,8.59,100.2,-854.07,0,2.55,NA,26.36,NA,0.918,1
"137","7/18/2017","17:10:40",30.819,737.3,112.1,8.34,530,8.58,100.3,-854.17,0,2.56,NA,25.31,NA,0.925,1.1
"138","7/18/2017","17:10:41",30.815,737.2,112,8.33,530,8.58,100.4,-854.16,0,2.54,NA,30.84,NA,0.931,1.1
"139","7/18/2017","17:10:42",30.816,737.3,111.8,8.32,530,8.58,100.4,-854.22,0,2.54,NA,30.84,NA,0.94,1.1
"140","7/18/2017","17:10:43",30.807,737.3,111.7,8.32,530,8.58,100.5,-854.16,0,2.52,NA,26.78,NA,0.946,1.1
"141","7/18/2017","17:10:44",30.795,737.2,111.6,8.31,530,8.57,100.5,-854.2,0,2.5,NA,22.56,NA,0.953,1.1
"142","7/18/2017","17:10:45",30.779,737.2,111.5,8.3,530,8.57,100.6,-854.17,0,2.53,NA,25.18,NA,0.961,1.1
"143","7/18/2017","17:10:46",30.767,737.1,111.4,8.3,531,8.57,100.7,-854.06,0,2.54,NA,25.18,NA,0.969,1.1
"144","7/18/2017","17:10:47",30.758,737.3,111.4,8.3,531,8.57,100.8,-854.05,0,2.54,NA,24.79,NA,0.976,1.1
"145","7/18/2017","17:10:48",30.752,737.3,111.3,8.29,531,8.57,100.9,-854.06,0,2.55,NA,24.37,NA,0.983,1.1
"146","7/18/2017","17:10:49",30.749,737.3,111.2,8.29,530,8.57,101.1,-854.1,0,2.56,NA,23.97,NA,0.989,1.1
"147","7/18/2017","17:10:50",30.744,737.2,111.2,8.29,530,8.57,101.2,-854.14,0,2.59,NA,23.72,NA,0.995,1.1
"148","7/18/2017","17:10:51",30.74,737.2,111.2,8.28,530,8.57,101.4,-854.21,0,2.6,NA,23.67,NA,1.002,1.1
"149","7/18/2017","17:10:52",30.736,737.3,111,8.28,530,8.56,101.5,-854.22,0,2.63,NA,23.61,NA,1.008,1.1
"150","7/18/2017","17:10:53",30.728,737.3,111,8.27,530,8.56,101.7,-854.16,0,2.64,NA,23.64,NA,1.013,1.1
"151","7/18/2017","17:10:54",30.719,737.3,110.8,8.26,530,8.56,101.9,-854.13,0,2.63,NA,23.72,NA,1.018,1.1
"152","7/18/2017","17:10:55",30.706,737.3,110.6,8.25,530,8.56,102.1,-854.11,0,2.62,NA,25.21,NA,1.025,1.1
"153","7/18/2017","17:10:56",30.698,737.3,110.4,8.23,530,8.56,102.3,-854.15,0,2.62,NA,21.46,NA,1.031,1.1
"154","7/18/2017","17:10:57",30.694,737.3,110.2,8.22,530,8.55,102.4,-854.14,0,2.63,NA,25.05,NA,1.036,1.1
"155","7/18/2017","17:10:58",30.692,737.3,109.9,8.2,530,8.55,102.6,-854.16,0,2.64,NA,24.25,NA,1.042,1.1
"156","7/18/2017","17:10:59",30.692,737.3,109.6,8.18,530,8.55,102.8,-854.16,0,2.65,NA,24.25,NA,1.049,1.1
"157","7/18/2017","17:11:00",30.691,737.3,109.3,8.15,530,8.55,103,-854.24,0,2.66,NA,24.34,NA,1.054,1.2
"158","7/18/2017","17:11:01",30.691,737.3,109,8.13,530,8.55,103.1,-854.32,0,2.66,NA,24.53,NA,1.06,1.2
"159","7/18/2017","17:11:02",30.691,737.2,108.7,8.11,530,8.54,103.3,-854.28,0,2.68,NA,25.16,NA,1.066,1.2
"160","7/18/2017","17:11:03",30.691,737.3,108.5,8.09,530,8.54,103.5,-854.3,0,2.69,NA,25,NA,1.072,1.2
"161","7/18/2017","17:11:04",30.69,737.3,108.2,8.07,530,8.54,103.6,-854.25,0,2.68,NA,26.72,NA,1.078,1.2
"162","7/18/2017","17:11:05",30.689,737.3,107.9,8.05,530,8.54,103.8,-854.26,0,2.67,NA,24.4,NA,1.084,1.2
"163","7/18/2017","17:11:06",30.687,737.3,107.8,8.04,530,8.54,104,-854.2,0,2.68,NA,24.73,NA,1.089,1.2
"164","7/18/2017","17:11:07",30.685,737.3,107.7,8.03,530,8.54,104.1,-854.17,0,2.68,NA,25.23,NA,1.094,1.2
"165","7/18/2017","17:11:08",30.684,737.2,107.6,8.03,530,8.53,104.2,-854.14,0,2.67,NA,25.28,NA,1.101,1.2
"166","7/18/2017","17:11:09",30.683,737.3,107.6,8.02,530,8.53,104.3,-854.14,0,2.66,NA,25.89,NA,1.106,1.2
"167","7/18/2017","17:11:10",30.682,737.2,107.5,8.02,530,8.53,104.5,-854.15,0,2.65,NA,25.95,NA,1.112,1.2
"168","7/18/2017","17:11:11",30.681,737.3,107.5,8.02,530,8.53,104.6,-854.1,0,2.66,NA,25.62,NA,1.117,1.2
"169","7/18/2017","17:11:12",30.68,737.2,107.5,8.02,530,8.53,104.7,-854.12,0,2.65,NA,26.34,NA,1.123,1.2
"170","7/18/2017","17:11:13",30.678,737.2,107.6,8.03,530,8.53,104.8,-854.17,0,2.65,NA,26.28,NA,1.129,1.2
"171","7/18/2017","17:11:14",30.677,737.3,107.6,8.03,530,8.53,104.9,-854.2,0,2.66,NA,26.11,NA,1.134,1.2
"172","7/18/2017","17:11:15",30.675,737.3,107.6,8.03,530,8.53,105,-854.21,0,2.64,NA,25.9,NA,1.139,1.2
"173","7/18/2017","17:11:16",30.673,737.3,107.6,8.03,530,8.53,105.1,-854.26,0,2.65,NA,28.98,NA,1.144,1.3
"174","7/18/2017","17:11:17",30.672,737.3,107.6,8.03,530,8.53,105.1,-854.24,0,2.65,NA,28.25,NA,1.151,1.3
"175","7/18/2017","17:11:18",30.672,737.3,107.6,8.03,530,8.53,105.2,-854.24,0,2.65,NA,26.07,NA,1.156,1.3
"176","7/18/2017","17:11:19",30.67,737.3,107.5,8.03,530,8.53,105.3,-854.23,0,2.68,NA,29.14,NA,1.162,1.3
"177","7/18/2017","17:11:20",30.667,737.3,107.5,8.02,530,8.53,105.4,-854.21,0,2.69,NA,27.2,NA,1.168,1.3
"178","7/18/2017","17:11:21",30.664,737.3,107.4,8.02,530,8.53,105.5,-854.27,0,2.69,NA,24.69,NA,1.175,1.3
"179","7/18/2017","17:11:22",30.66,737.3,107.3,8.01,530,8.53,105.5,-854.29,0,2.7,NA,24.61,NA,1.18,1.3
"180","7/18/2017","17:11:23",30.656,737.3,107.3,8,530,8.53,105.6,-854.31,0,2.69,NA,25.86,NA,1.186,1.3
"181","7/18/2017","17:11:24",30.651,737.3,107.1,8,530,8.53,105.7,-854.31,0,2.69,NA,25.43,NA,1.192,1.3
"182","7/18/2017","17:11:25",30.644,737.3,107,7.99,530,8.53,106,-854.28,0,2.68,NA,23.96,NA,1.2,1.4
"183","7/18/2017","17:11:26",30.639,737.3,106.9,7.98,530,8.52,106.1,-854.29,0,2.67,NA,23.87,NA,1.207,1.4
"184","7/18/2017","17:11:27",30.632,737.2,106.6,7.96,530,8.52,106.4,-854.26,0,2.68,NA,23.38,NA,1.214,1.4
"185","7/18/2017","17:11:28",30.625,737.3,102.5,7.65,530,8.52,106.6,-854.33,0,2.67,NA,22.99,NA,1.221,1.4
"186","7/18/2017","17:11:29",30.617,737.3,100.4,7.5,530,8.51,107,-854.34,0,2.67,NA,23.22,NA,1.23,1.4
"187","7/18/2017","17:11:30",30.609,737.3,98.1,7.33,531,8.51,107.2,-854.32,0,2.65,NA,26.02,NA,1.238,1.4
"188","7/18/2017","17:11:31",30.6,737.3,96.9,7.24,531,8.42,107.5,-854.26,0,2.66,NA,24.2,NA,1.245,1.4
"189","7/18/2017","17:11:32",30.593,737.3,96,7.17,531,8.4,107.8,-854.31,0,2.66,NA,25.17,NA,1.254,1.4
"190","7/18/2017","17:11:33",30.586,737.2,95,7.1,531,8.38,108.1,-854.35,0,2.64,NA,20.53,NA,1.263,1.5
"191","7/18/2017","17:11:34",30.576,737.2,89.9,6.72,531,8.37,113.5,-854.48,0,2.65,NA,25.05,NA,1.272,1.5
"192","7/18/2017","17:11:35",30.565,737.3,87.7,6.55,532,8.35,114.1,-854.56,0,2.63,NA,20.95,NA,1.28,1.5
"193","7/18/2017","17:11:36",30.554,737.3,85.6,6.4,532,8.35,114.4,-854.58,0,2.62,NA,24.26,NA,1.289,1.5
"194","7/18/2017","17:11:37",30.546,737.3,84.7,6.33,532,8.34,115.1,-854.57,0,2.59,NA,24.09,NA,1.298,1.5
"195","7/18/2017","17:11:38",30.542,737.3,84.1,6.29,533,8.33,115.1,-854.57,0,2.56,NA,19.52,NA,1.309,1.5
"196","7/18/2017","17:11:39",30.536,737.3,83.7,6.26,533,8.33,115.3,-854.61,0,2.55,NA,23.19,NA,1.319,1.5
"197","7/18/2017","17:11:40",30.529,737.3,82.9,6.2,534,8.32,115.6,-854.63,0,2.54,NA,25.24,NA,1.328,1.5
"198","7/18/2017","17:11:41",30.523,737.3,78.5,5.87,534,8.31,115.8,-854.66,0,2.53,NA,23.4,NA,1.338,1.5
"199","7/18/2017","17:11:42",30.518,737.4,77.6,5.81,534,8.3,116.1,-854.68,0,2.51,NA,26.89,NA,1.349,1.6
"200","7/18/2017","17:11:43",30.514,737.3,77.1,5.77,535,8.3,116.2,-854.72,0,2.51,NA,25.23,NA,1.358,1.6
"201","7/18/2017","17:11:44",30.51,737.3,77,5.76,535,8.29,116.3,-854.7,0,2.51,NA,25.26,NA,1.368,1.6
"202","7/18/2017","17:11:45",30.507,737.3,76.9,5.75,535,8.29,116.3,-854.76,0,2.51,NA,25.3,NA,1.378,1.6
"203","7/18/2017","17:11:46",30.505,737.2,76.8,5.75,535,8.29,116.3,-854.72,0,2.5,NA,25.29,NA,1.388,1.6
"204","7/18/2017","17:11:47",30.506,737.3,76.7,5.74,536,8.28,116.3,-854.7,0,2.51,NA,25.27,NA,1.4,1.6
"205","7/18/2017","17:11:48",30.506,737.3,76.7,5.74,536,8.28,116.4,-854.66,0,2.51,NA,24.99,NA,1.41,1.6
"206","7/18/2017","17:11:49",30.507,737.4,76.7,5.74,536,8.28,116.4,-854.57,0,2.48,NA,24.81,NA,1.42,1.6
"207","7/18/2017","17:11:50",30.508,737.3,76.6,5.73,536,8.27,116.5,-854.55,0,2.47,NA,20.52,NA,1.431,1.6
"208","7/18/2017","17:11:51",30.506,737.3,76.5,5.73,536,8.27,116.5,-854.57,0,2.44,NA,22.95,NA,1.444,1.7
"209","7/18/2017","17:11:52",30.501,737.3,76.4,5.72,537,8.27,116.6,-854.62,0,2.45,NA,21.83,NA,1.455,1.7
"210","7/18/2017","17:11:53",30.498,737.3,76.2,5.71,537,8.27,116.7,-854.65,0,2.43,NA,23.8,NA,1.466,1.7
"211","7/18/2017","17:11:54",30.494,737.3,76,5.69,537,8.26,116.8,-854.68,0,2.4,NA,25.9,NA,1.476,1.7
"212","7/18/2017","17:11:55",30.491,737.3,75.8,5.68,537,8.26,117,-854.73,0,2.38,NA,23.95,NA,1.49,1.7
"213","7/18/2017","17:11:56",30.488,737.3,75.7,5.66,537,8.18,117.1,-854.79,0,2.37,NA,25.57,NA,1.501,1.7
"214","7/18/2017","17:11:57",30.485,737.2,75.4,5.65,537,8.16,117.2,-854.81,0,2.36,NA,20.26,NA,1.511,1.7
"215","7/18/2017","17:11:58",30.477,737.3,75.2,5.63,537,8.15,117.3,-854.82,0,2.32,NA,20.26,NA,1.522,1.7
"216","7/18/2017","17:11:59",30.47,737.3,74.9,5.61,537,8.15,117.4,-854.81,0,2.28,NA,20.18,NA,1.536,1.7
"217","7/18/2017","17:12:00",30.459,737.2,74.5,5.58,537,8.14,117.6,-854.78,0,2.23,NA,16.52,NA,1.547,1.7
"218","7/18/2017","17:12:01",30.449,737.3,74.3,5.57,538,8.14,117.8,-854.79,0,2.19,NA,16.48,NA,1.557,1.8
"219","7/18/2017","17:12:02",30.435,737.3,70.1,5.25,538,8.13,118,-854.78,0,2.15,NA,16.63,NA,1.568,1.8
"220","7/18/2017","17:12:03",30.422,737.3,68.5,5.13,538,8.12,118.3,-854.88,0,2.1,NA,18.32,NA,1.578,1.8
"221","7/18/2017","17:12:04",30.41,737.3,66.3,4.97,538,8.12,118.5,-854.95,0,2.05,NA,18.17,NA,1.591,1.8
"222","7/18/2017","17:12:05",30.399,737.3,65.5,4.91,539,8.1,124.8,-854.97,0,2.01,NA,17.66,NA,1.601,1.8
"223","7/18/2017","17:12:06",30.388,737.3,64.3,4.82,539,8.09,125.1,-854.94,0,1.96,NA,17.36,NA,1.611,1.8
"224","7/18/2017","17:12:07",30.379,737.3,63.3,4.75,539,8.08,125.9,-854.81,0,1.9,NA,17.13,NA,1.621,1.8
"225","7/18/2017","17:12:08",30.369,737.3,62.4,4.68,539,7.98,126,-854.75,0,1.87,NA,17.19,NA,1.633,1.8
"226","7/18/2017","17:12:09",30.359,737.2,58.2,4.37,540,7.97,126.1,-854.84,0,1.84,NA,17.93,NA,1.642,1.8
"227","7/18/2017","17:12:10",30.351,737.3,56.2,4.22,540,7.96,126.1,-854.83,0,1.84,NA,22.76,NA,1.651,1.8
"228","7/18/2017","17:12:11",30.342,737.3,54.6,4.1,540,7.95,126.1,-854.89,0,1.81,NA,15.34,NA,1.659,1.8
"229","7/18/2017","17:12:12",30.334,737.3,53.1,3.99,540,7.94,126.3,-854.9,0,1.77,NA,16.53,NA,1.67,1.8
"230","7/18/2017","17:12:13",30.327,737.3,51.2,3.84,541,7.93,126.5,-854.92,0,1.77,NA,17.02,NA,1.678,1.8
"231","7/18/2017","17:12:14",30.322,737.3,46.8,3.51,541,7.93,126.7,-855,0,1.73,NA,17.31,NA,1.687,1.8
"232","7/18/2017","17:12:15",30.32,737.3,45.1,3.38,541,7.92,126.8,-855.02,0,1.71,NA,17.86,NA,1.696,1.8
"233","7/18/2017","17:12:16",30.317,737.3,44,3.3,541,7.92,126.9,-855.1,0,1.7,NA,18.01,NA,1.704,1.9
"234","7/18/2017","17:12:17",30.312,737.3,42.9,3.22,542,7.91,127.1,-855.17,0,1.68,NA,18.14,NA,1.714,1.9
"235","7/18/2017","17:12:18",30.309,737.3,42.3,3.18,542,7.91,127.2,-855.16,0,1.68,NA,18.27,NA,1.722,1.9
"236","7/18/2017","17:12:19",30.307,737.3,41.6,3.13,542,7.9,127.3,-855.19,0,1.68,NA,18.32,NA,1.729,1.9
"237","7/18/2017","17:12:20",30.303,737.3,41.2,3.09,542,7.89,127.5,-855.31,0,1.67,NA,18.1,NA,1.738,1.9
"238","7/18/2017","17:12:21",30.299,737.2,40.7,3.05,543,7.89,127.6,-855.45,0,1.65,NA,18.02,NA,1.747,1.9
"239","7/18/2017","17:12:22",30.293,737.3,40.3,3.03,543,7.88,127.7,-855.62,0,1.64,NA,17.81,NA,1.755,1.9
"240","7/18/2017","17:12:23",30.286,737.2,34.2,2.57,543,7.88,127.9,-855.6,0,1.63,NA,17.66,NA,1.763,1.9
"241","7/18/2017","17:12:24",30.281,737.3,31.9,2.4,543,7.78,128,-855.56,0,1.6,NA,17.55,NA,1.771,1.9
"242","7/18/2017","17:12:25",30.277,737.3,29.3,2.2,543,7.76,128.2,-855.55,0,1.59,NA,17.3,NA,1.781,1.9
"243","7/18/2017","17:12:26",30.272,737.3,28.5,2.14,543,7.76,128.3,-855.6,0,1.59,NA,17.16,NA,1.789,2
"244","7/18/2017","17:12:27",30.265,737.3,27.8,2.09,543,7.75,128.4,-855.63,0,1.59,NA,16.97,NA,1.798,2
"245","7/18/2017","17:12:28",30.257,737.3,26.9,2.02,543,7.75,128.6,-855.65,0,1.56,NA,16.73,NA,1.806,2
"246","7/18/2017","17:12:29",30.247,737.3,26.4,1.99,544,7.75,128.7,-855.66,0,1.53,NA,16.5,NA,1.816,2
"247","7/18/2017","17:12:30",30.237,737.3,26.1,1.96,544,7.75,128.8,-855.68,0,1.52,NA,16.16,NA,1.825,2
"248","7/18/2017","17:12:31",30.231,737.2,25.8,1.94,544,7.75,128.9,-855.68,0,1.5,NA,16.16,NA,1.834,2
"249","7/18/2017","17:12:32",30.223,737.3,25.6,1.92,544,7.74,129.2,-855.68,0,1.48,NA,16.2,NA,1.843,2
"250","7/18/2017","17:12:33",30.213,737.3,25.3,1.9,544,7.74,129.4,-855.74,0,1.46,NA,16.18,NA,1.851,2
"251","7/18/2017","17:12:34",30.199,737.3,25,1.88,544,7.74,129.5,-855.68,0,1.43,NA,16.16,NA,1.862,2.1
"252","7/18/2017","17:12:35",30.19,737.3,24.6,1.85,544,7.73,129.8,-855.69,0,1.42,NA,16.09,NA,1.872,2.1
"253","7/18/2017","17:12:36",30.18,737.3,24.3,1.83,544,7.73,129.9,-855.74,0,1.39,NA,16.15,NA,1.881,2.1
"254","7/18/2017","17:12:37",30.172,737.3,20.9,1.58,544,7.73,130.1,-855.81,0,1.38,NA,16.27,NA,1.891,2.1
"255","7/18/2017","17:12:38",30.164,737.3,20.4,1.54,544,7.72,130.3,-855.86,0,1.37,NA,16.35,NA,1.902,2.1
"256","7/18/2017","17:12:39",30.156,737.3,20,1.5,544,7.72,130.4,-855.85,0,1.37,NA,16.45,NA,1.912,2.1
"257","7/18/2017","17:12:40",30.149,737.3,19.8,1.49,544,7.72,130.6,-855.85,0,1.37,NA,16.52,NA,1.922,2.1
"258","7/18/2017","17:12:41",30.143,737.3,19.6,1.47,544,7.72,130.7,-855.8,0,1.35,NA,16.7,NA,1.932,2.2
"259","7/18/2017","17:12:42",30.136,737.3,19.4,1.46,544,7.71,130.8,-855.76,0,1.35,NA,16.87,NA,1.942,2.2
"260","7/18/2017","17:12:43",30.131,737.3,19.1,1.44,544,7.71,130.8,-855.74,0,1.34,NA,17.03,NA,1.955,2.2
"261","7/18/2017","17:12:44",30.121,737.3,19,1.43,544,7.71,130.9,-855.71,0,1.31,NA,17.21,NA,1.965,2.2
"262","7/18/2017","17:12:45",30.11,737.3,18.8,1.42,544,7.71,130.9,-855.71,0,1.31,NA,17.3,NA,1.976,2.2
"263","7/18/2017","17:12:46",30.102,737.2,18.7,1.41,544,7.7,131,-855.73,0,1.3,NA,17.45,NA,1.989,2.2
"264","7/18/2017","17:12:47",30.097,737.3,18.5,1.4,544,7.7,131,-855.69,0,1.31,NA,17.65,NA,2.001,2.2
"265","7/18/2017","17:12:48",30.093,737.3,18.4,1.39,544,7.7,130.9,-855.65,0,1.31,NA,17.78,NA,2.012,2.3
"266","7/18/2017","17:12:49",30.087,737.3,18.2,1.37,544,7.7,130.9,-855.61,0,1.31,NA,17.76,NA,2.024,2.3
"267","7/18/2017","17:12:50",30.08,737.3,18.1,1.36,544,7.69,130.9,-855.56,0,1.32,NA,17.78,NA,2.035,2.3
"268","7/18/2017","17:12:51",30.074,737.2,17.9,1.35,544,7.69,130.9,-855.49,0,1.31,NA,17.73,NA,2.049,2.3
"269","7/18/2017","17:12:52",30.067,737.3,17.7,1.33,544,7.68,130.9,-855.44,0,1.32,NA,17.8,NA,2.06,2.3
"270","7/18/2017","17:12:53",30.061,737.3,17.5,1.32,544,7.68,130.9,-855.45,0,1.33,NA,17.85,NA,2.071,2.3
"271","7/18/2017","17:12:54",30.055,737.3,17.1,1.29,544,7.68,130.8,-855.42,0,1.33,NA,17.66,NA,2.083,2.3
"272","7/18/2017","17:12:55",30.051,737.3,16.8,1.27,544,7.67,130.8,-855.41,0,1.33,NA,17.8,NA,2.097,2.3
"273","7/18/2017","17:12:56",30.043,737.3,16.5,1.25,544,7.67,130.7,-855.4,0,1.32,NA,16.93,NA,2.109,2.3
"274","7/18/2017","17:12:57",30.034,737.2,16.2,1.22,544,7.67,130.7,-855.32,0,1.3,NA,18.13,NA,2.121,2.3
"275","7/18/2017","17:12:58",30.02,737.3,15.9,1.2,544,7.66,130.6,-855.33,0,1.3,NA,18.59,NA,2.134,2.4
"276","7/18/2017","17:12:59",30,737.3,15.6,1.18,545,7.66,130.5,-855.37,0,1.29,NA,18.59,NA,2.147,2.4
"277","7/18/2017","17:13:00",29.986,737.3,15.2,1.15,545,7.66,130.4,-855.31,0,1.28,NA,18.46,NA,2.162,2.4
"278","7/18/2017","17:13:01",29.973,737.3,14.8,1.12,545,7.65,130.4,-855.27,0,1.27,NA,18.3,NA,2.175,2.4
"279","7/18/2017","17:13:02",29.962,737.3,11.2,0.85,545,7.65,130.3,-855.24,0,1.29,NA,18.23,NA,2.187,2.4
"280","7/18/2017","17:13:03",29.942,737.2,10.5,0.79,545,7.65,130.3,-855.15,0,1.3,NA,18.31,NA,2.2,2.4
"281","7/18/2017","17:13:04",29.92,737.3,10.1,0.77,545,7.64,130.2,-855.16,0,1.3,NA,18.26,NA,2.215,2.5
"282","7/18/2017","17:13:05",29.889,737.2,9.9,0.75,545,7.64,130.2,-855.11,0,1.28,NA,18.16,NA,2.227,2.5
"283","7/18/2017","17:13:06",29.862,737.3,9.7,0.74,545,7.64,130.1,-855.06,0,1.28,NA,18.26,NA,2.24,2.5
"284","7/18/2017","17:13:07",29.822,737.3,9.5,0.72,545,7.63,130.1,-855.06,0,1.25,NA,18.25,NA,2.253,2.5
"285","7/18/2017","17:13:08",29.781,737.3,9.3,0.7,546,7.63,130,-855.04,0,1.22,NA,15.66,NA,2.269,2.5
"286","7/18/2017","17:13:09",29.736,737.3,8.9,0.68,546,7.63,129.9,-855.12,0,1.19,NA,17.3,NA,2.282,2.5
"287","7/18/2017","17:13:10",29.704,737.3,8.7,0.66,546,7.62,90.8,-855.27,0,1.16,NA,16.3,NA,2.294,2.5
"288","7/18/2017","17:13:11",29.672,737.3,8.4,0.64,546,7.62,75.2,-855.35,0,1.14,NA,15.94,NA,2.307,2.5
"289","7/18/2017","17:13:12",29.641,737.3,8.1,0.61,547,7.62,54.8,-855.47,0,1.13,NA,15.94,NA,2.321,2.5
"290","7/18/2017","17:13:13",29.614,737.3,7.9,0.6,547,7.61,53.4,-855.53,0,1.11,NA,19.1,NA,2.332,2.5
"291","7/18/2017","17:13:14",29.581,737.3,7.6,0.57,547,7.61,44,-855.54,0,1.1,NA,16.43,NA,2.342,2.5
"292","7/18/2017","17:13:15",29.523,737.2,7.3,0.56,547,7.61,38.6,-855.69,0,1.08,NA,11.69,NA,2.353,2.5
"293","7/18/2017","17:13:16",29.474,737.3,7.1,0.54,548,7.6,30.2,-855.81,0,1.05,NA,11.91,NA,2.366,2.6
"294","7/18/2017","17:13:17",29.421,737.3,6.9,0.53,548,7.6,21.4,-855.99,0,1.02,NA,11.91,NA,2.377,2.6
"295","7/18/2017","17:13:18",29.373,737.3,6.7,0.51,549,7.6,3.7,-856.18,0,0.98,NA,12.01,NA,2.388,2.6
"296","7/18/2017","17:13:19",29.304,737.3,6.3,0.48,549,7.59,-4.3,-856.43,0,0.94,NA,12.07,NA,2.399,2.6
"297","7/18/2017","17:13:20",29.238,737.3,5.8,0.44,550,7.59,-18.8,-856.73,0,0.9,NA,12.08,NA,2.41,2.6
"298","7/18/2017","17:13:21",29.147,737.3,5.4,0.42,551,7.59,-32.1,-856.89,0,0.86,NA,12.2,NA,2.423,2.6
"299","7/18/2017","17:13:22",29.054,737.3,5.1,0.39,552,7.58,-40.7,-857.05,0,0.82,NA,12.34,NA,2.433,2.6
"300","7/18/2017","17:13:23",28.97,737.3,4.8,0.37,553,7.58,-48.7,-857.25,0,0.79,NA,12.03,NA,2.444,2.6
"301","7/18/2017","17:13:24",28.867,737.3,4.5,0.35,553,7.57,-54,-857.3,0,0.76,NA,13.38,NA,2.454,2.6
"302","7/18/2017","17:13:25",28.78,737.3,4.2,0.33,555,7.57,-54.9,-857.27,0,0.73,NA,11.61,NA,2.465,2.6
"303","7/18/2017","17:13:26",28.673,737.3,4,0.31,556,7.57,-62.9,-857.28,0,0.7,NA,12.78,NA,2.476,2.7
"304","7/18/2017","17:13:27",28.58,737.3,3.9,0.3,557,7.56,-67,-857.32,0,0.68,NA,12.79,NA,2.486,2.7
"305","7/18/2017","17:13:28",28.5,737.3,3.7,0.29,557,7.56,-71.5,-857.48,0,0.67,NA,12.66,NA,2.495,2.7
"306","7/18/2017","17:13:29",28.422,737.3,3.6,0.28,558,7.56,-75.1,-857.67,0,0.65,NA,12.55,NA,2.508,2.7
"307","7/18/2017","17:13:30",28.332,737.3,3.4,0.27,559,7.55,-76.6,-857.75,0,0.62,NA,12.36,NA,2.518,2.7
"308","7/18/2017","17:13:31",28.262,737.3,3.3,0.26,560,7.55,-84.4,-857.77,0,0.6,NA,12.29,NA,2.528,2.7
"309","7/18/2017","17:13:32",28.187,737.3,3.2,0.25,561,7.54,-87.9,-857.86,0,0.57,NA,12.17,NA,2.538,2.7
"310","7/18/2017","17:13:33",28.13,737.3,3.2,0.25,561,7.54,-91.1,-857.93,0,0.53,NA,12.05,NA,2.551,2.7
"311","7/18/2017","17:13:34",28.082,737.3,3.1,0.24,562,7.54,-94.1,-857.92,0,0.52,NA,11.99,NA,2.561,2.7
"312","7/18/2017","17:13:35",28.026,737.3,3,0.23,562,7.53,-94.8,-857.93,0,0.5,NA,11.85,NA,2.572,2.8
"313","7/18/2017","17:13:36",27.947,737.2,2.9,0.23,563,7.53,-96.6,-858,0,0.5,NA,11.76,NA,2.582,2.8
"314","7/18/2017","17:13:37",27.882,737.3,2.8,0.22,563,7.53,-98.2,-858.03,0,0.49,NA,11.59,NA,2.592,2.8
"315","7/18/2017","17:13:38",27.829,737.3,2.7,0.21,563,7.52,-106.6,-858.06,0,0.48,NA,11.38,NA,2.604,2.8
"316","7/18/2017","17:13:39",27.771,737.3,2.7,0.21,564,7.52,-109.6,-858.27,0,0.46,NA,11.28,NA,2.615,2.8
"317","7/18/2017","17:13:40",27.706,737.2,2.6,0.2,564,7.51,-112.3,-858.5,0,0.43,NA,11.11,NA,2.626,2.8
"318","7/18/2017","17:13:41",27.648,737.3,2.5,0.19,565,7.51,-114,-858.62,0,0.4,NA,11,NA,2.636,2.9
"319","7/18/2017","17:13:42",27.581,737.3,2.4,0.19,565,7.5,-115.2,-858.73,0,0.39,NA,10.91,NA,2.649,2.9
"320","7/18/2017","17:13:43",27.516,737.3,2.3,0.18,565,7.5,-116.6,-858.76,0,0.38,NA,10.75,NA,2.66,2.9
"321","7/18/2017","17:13:44",27.431,737.3,2.2,0.17,566,7.5,-118,-858.84,0,0.36,NA,10.62,NA,2.671,2.9
"322","7/18/2017","17:13:45",27.368,737.3,2.1,0.17,566,7.49,-119.2,-858.87,0,0.34,NA,10.44,NA,2.682,3
"323","7/18/2017","17:13:46",27.289,737.3,2,0.16,566,7.49,-120.1,-858.95,0,0.33,NA,10.33,NA,2.693,3
"324","7/18/2017","17:13:47",27.232,737.3,2,0.16,566,7.48,-121.2,-859.04,0,0.3,NA,10.19,NA,2.706,3
"325","7/18/2017","17:13:48",27.195,737.3,1.9,0.15,566,7.48,-129.7,-859.02,0,0.27,NA,10.02,NA,2.717,3
"326","7/18/2017","17:13:49",27.16,737.3,1.9,0.15,566,7.47,-131.8,-859.06,0,0.26,NA,9.87,NA,2.728,3
"327","7/18/2017","17:13:50",27.12,737.3,1.8,0.14,566,7.47,-133.7,-859.14,0,0.24,NA,9.71,NA,2.74,3
"328","7/18/2017","17:13:51",27.036,737.3,1.8,0.14,566,7.46,-134.7,-859.18,0,0.23,NA,9.47,NA,2.755,3
"329","7/18/2017","17:13:52",26.955,737.3,1.7,0.14,567,7.46,-135.5,-859.25,0,0.2,NA,9.29,NA,2.769,3.1
"330","7/18/2017","17:13:53",26.86,737.3,1.7,0.13,567,7.45,-136.9,-859.24,0,0.18,NA,9.16,NA,2.782,3.1
"331","7/18/2017","17:13:54",26.768,737.3,1.6,0.13,567,7.45,-138.1,-859.24,0,0.16,NA,9,NA,2.796,3.1
"332","7/18/2017","17:13:55",26.669,737.3,1.6,0.13,568,7.44,-139.3,-859.23,0,0.14,NA,8.9,NA,2.81,3.1
"333","7/18/2017","17:13:56",26.582,737.3,1.5,0.12,568,7.44,-140.4,-859.23,0,0.13,NA,8.79,NA,2.826,3.1
"334","7/18/2017","17:13:57",26.484,737.3,1.5,0.12,568,7.43,-141.5,-859.21,0,0.12,NA,8.69,NA,2.841,3.2
"335","7/18/2017","17:13:58",26.392,737.3,1.5,0.12,568,7.42,-150.2,-859.24,0,0.12,NA,8.63,NA,2.854,3.2
"336","7/18/2017","17:13:59",26.338,737.3,1.4,0.12,568,7.42,-152,-859.26,0,0.12,NA,8.53,NA,2.868,3.2
"337","7/18/2017","17:14:00",26.252,737.3,1.4,0.11,568,7.41,-154.1,-859.3,0,0.11,NA,8.49,NA,2.885,3.2
"338","7/18/2017","17:14:01",26.129,737.3,1.3,0.11,568,7.41,-155.2,-859.28,0,0.1,NA,8.42,NA,2.9,3.2
"339","7/18/2017","17:14:02",24.763,737.3,1.3,0.11,582,7.4,-155.8,-859.27,0,0.08,NA,8.38,NA,2.914,3.2
"340","7/18/2017","17:14:03",24.886,737.3,1.3,0.1,579,7.4,-157.3,-859.2,0,0.07,NA,8.26,NA,2.93,3.2
"341","7/18/2017","17:14:04",24.666,737.3,1.2,0.1,581,7.39,-157.8,-859.18,0,0.06,NA,8.13,NA,2.948,3.3
"342","7/18/2017","17:14:05",24.47,737.3,1.2,0.1,582,7.29,-159,-859.12,0,0.04,NA,7.98,NA,2.964,3.3
"343","7/18/2017","17:14:06",24.475,737.3,1.2,0.1,580,7.28,-159.6,-859.08,0,0.04,NA,7.88,NA,2.98,3.3
"344","7/18/2017","17:14:07",24.577,737.3,1.1,0.09,578,7.27,-160.6,-859.01,0,0.03,NA,7.77,NA,2.997,3.3
"345","7/18/2017","17:14:08",24.643,737.3,1.1,0.09,576,7.26,-161.3,-858.98,0,0.02,NA,7.65,NA,3.016,3.3
"346","7/18/2017","17:14:09",24.672,737.3,1,0.09,574,7.26,-162.5,-858.9,0,0.01,NA,7.53,NA,3.033,3.4
"347","7/18/2017","17:14:10",24.615,737.3,1,0.08,573,7.26,-163.4,-858.81,0,0.01,NA,7.41,NA,3.049,3.4
"348","7/18/2017","17:14:11",24.488,737.3,1,0.08,573,7.25,-164.1,-858.66,0,0,NA,7.35,NA,3.066,3.4
"349","7/18/2017","17:14:12",24.362,737.3,0.9,0.08,573,7.25,-174.2,-858.53,0,-0.01,NA,7.29,NA,3.083,3.4
"350","7/18/2017","17:14:13",24.264,737.3,0.9,0.07,573,7.24,-175.9,-858.35,0,-0.01,NA,7.16,NA,3.104,3.5
"351","7/18/2017","17:14:14",22.917,737.2,0.8,0.07,587,7.24,-177.6,-858.19,0,-0.03,NA,7.09,NA,3.122,3.5
"352","7/18/2017","17:14:15",22.663,737.3,0.8,0.07,589,7.23,-178.7,-858.03,0,-0.03,NA,7.02,NA,3.139,3.5
"353","7/18/2017","17:14:16",22.722,737.3,0.8,0.07,587,7.23,-179.5,-857.83,0,-0.04,NA,6.91,NA,3.157,3.5
"354","7/18/2017","17:14:17",22.712,737.3,0.7,0.06,586,7.23,-180.4,-857.63,0,-0.05,NA,6.86,NA,3.179,3.6
"355","7/18/2017","17:14:18",22.7,737.3,0.7,0.06,586,7.23,-181.3,-857.49,0,-0.06,NA,6.77,NA,3.198,3.6
"356","7/18/2017","17:14:19",22.654,737.3,0.7,0.06,585,7.23,-182.3,-857.3,0,-0.06,NA,6.67,NA,3.216,3.6
"357","7/18/2017","17:14:20",22.56,737.3,0.6,0.05,586,7.23,-183.3,-857.1,0,-0.08,NA,6.54,NA,3.234,3.6
"358","7/18/2017","17:14:21",22.482,737.3,0.6,0.05,586,7.22,-184,-856.96,0,-0.09,NA,6.44,NA,3.256,3.6
"359","7/18/2017","17:14:22",22.391,737.3,0.6,0.05,586,7.22,-184.6,-856.76,0,-0.1,NA,6.37,NA,3.273,3.6
"360","7/18/2017","17:14:23",22.31,737.3,0.5,0.05,587,7.22,-185.7,-856.59,0,-0.1,NA,6.25,NA,3.291,3.6
"361","7/18/2017","17:14:24",22.221,737.3,0.5,0.04,587,7.22,-186.2,-856.5,0,-0.11,NA,6.21,NA,3.309,3.7
"362","7/18/2017","17:14:25",22.152,737.3,0.5,0.04,588,7.22,-187.3,-856.41,0,-0.11,NA,6.09,NA,3.328,3.7
"363","7/18/2017","17:14:26",22.085,737.3,0.5,0.04,588,7.22,-188.1,-856.31,0,-0.11,NA,6.03,NA,3.351,3.7
"364","7/18/2017","17:14:27",22.026,737.3,0.4,0.04,589,7.22,-188.5,-856.21,0,-0.12,NA,5.99,NA,3.37,3.8
"365","7/18/2017","17:14:28",21.961,737.3,0.4,0.04,589,7.22,-200.2,-856.13,0,-0.12,NA,5.95,NA,3.389,3.8
"366","7/18/2017","17:14:29",21.896,737.3,0.4,0.03,590,7.22,-201.8,-855.96,0,-0.14,NA,5.9,NA,3.413,3.8
"367","7/18/2017","17:14:30",21.812,737.3,0.4,0.03,591,7.22,-203.4,-855.81,0,-0.14,NA,5.82,NA,3.432,3.8
"368","7/18/2017","17:14:31",21.687,737.3,0.3,0.03,592,7.21,-204.1,-855.69,0,-0.15,NA,5.78,NA,3.452,3.8
"369","7/18/2017","17:14:32",21.561,737.3,0.3,0.03,594,7.21,-204.7,-855.49,0,-0.16,NA,5.73,NA,3.471,3.9
"370","7/18/2017","17:14:33",21.456,737.3,0.3,0.03,595,7.21,-205.7,-855.34,0,-0.16,NA,5.66,NA,3.49,3.9
"371","7/18/2017","17:14:34",21.337,737.3,0.3,0.02,597,7.21,-206.3,-855.21,0,-0.18,NA,5.61,NA,3.514,3.9
"372","7/18/2017","17:14:35",21.229,737.3,0.3,0.02,598,7.21,-207.1,-855.09,0,-0.17,NA,5.58,NA,3.534,3.9
"373","7/18/2017","17:14:36",21.123,737.3,0.2,0.02,600,7.21,-207.5,-854.94,0,-0.18,NA,5.54,NA,3.555,4
"374","7/18/2017","17:14:37",21.009,737.3,0.2,0.02,602,7.21,-208.1,-854.71,0,-0.18,NA,5.49,NA,3.576,4
"375","7/18/2017","17:14:38",20.92,737.3,0.2,0.02,605,7.21,-208.5,-854.49,0,-0.18,NA,5.43,NA,3.601,4
"376","7/18/2017","17:14:39",20.823,737.3,0.2,0.02,607,7.21,-209,-854.21,0,-0.17,NA,5.41,NA,3.622,4.1
"377","7/18/2017","17:14:40",20.74,737.3,0.2,0.02,609,7.21,-209.4,-853.89,0,-0.16,NA,5.42,NA,3.643,4.1
"378","7/18/2017","17:14:41",20.648,737.3,0.2,0.02,612,7.21,-209.6,-853.61,0,-0.16,NA,5.43,NA,3.665,4.1
"379","7/18/2017","17:14:42",20.576,737.3,0.2,0.02,614,7.21,-209.9,-853.26,0,-0.17,NA,5.42,NA,3.687,4.1
"380","7/18/2017","17:14:43",20.492,737.3,0.2,0.01,617,7.2,-210.1,-853.06,0,-0.18,NA,5.42,NA,3.714,4.2
"381","7/18/2017","17:14:44",20.405,737.3,0.2,0.01,620,7.2,-210.4,-852.94,0,-0.18,NA,5.38,NA,3.737,4.2
"382","7/18/2017","17:14:45",20.29,737.3,0.1,0.01,623,7.2,-210.7,-852.77,0,-0.18,NA,5.4,NA,3.76,4.2
"383","7/18/2017","17:14:46",20.202,737.3,0.1,0.01,627,7.2,-210.9,-852.62,0,-0.18,NA,5.38,NA,3.783,4.3
"384","7/18/2017","17:14:47",20.115,737.3,0.1,0.01,630,7.2,-211.1,-852.5,0,-0.18,NA,5.39,NA,3.811,4.3
"385","7/18/2017","17:14:48",20.035,737.3,0.1,0.01,634,7.2,-211.4,-852.31,0,-0.18,NA,5.45,NA,3.834,4.3
"386","7/18/2017","17:14:49",19.961,737.3,0.1,0.01,638,7.2,-211.6,-852.15,0,-0.19,NA,5.51,NA,3.858,4.3
"387","7/18/2017","17:14:50",19.897,737.3,0.1,0.01,642,7.2,-211.7,-851.98,0,-0.19,NA,5.55,NA,3.881,4.3
"388","7/18/2017","17:14:51",19.805,737.3,0,0,645,7.19,-211.8,-851.83,0,-0.19,NA,5.53,NA,3.908,4.4
"389","7/18/2017","17:14:52",19.714,737.3,0,0,650,7.19,-211.9,-851.71,0,-0.19,NA,5.56,NA,3.931,4.4
"390","7/18/2017","17:14:53",19.613,737.3,0,0,654,7.19,-212,-851.62,0,-0.18,NA,5.59,NA,3.953,4.4
"391","7/18/2017","17:14:54",19.525,737.3,0,0,659,7.19,-212.3,-851.56,0,-0.19,NA,5.58,NA,3.975,4.4
"392","7/18/2017","17:14:55",19.428,737.3,0,0,663,7.18,-212.5,-851.52,0,-0.18,NA,5.62,NA,4.003,4.5
"393","7/18/2017","17:14:56",19.355,737.3,0,0,668,7.18,-212.8,-851.53,0,-0.19,NA,5.58,NA,4.026,4.5
"394","7/18/2017","17:14:57",19.294,737.2,0,0,671,7.18,-212.9,-851.48,0,-0.19,NA,5.63,NA,4.048,4.5
"395","7/18/2017","17:14:58",19.232,737.3,-0.1,0,675,7.18,-212.9,-851.43,0,-0.19,NA,5.71,NA,4.071,4.5
"396","7/18/2017","17:14:59",19.168,737.3,-0.1,-0.01,679,7.17,-212.9,-851.35,0,-0.2,NA,5.69,NA,4.093,4.5
"397","7/18/2017","17:15:00",19.088,737.3,-0.1,-0.01,682,7.17,-213,-851.33,0,-0.2,NA,5.72,NA,4.121,4.5
"398","7/18/2017","17:15:01",19.028,737.3,-0.1,-0.01,685,7.16,-212.9,-851.28,0,-0.18,NA,5.67,NA,4.143,4.5
"399","7/18/2017","17:15:02",18.96,737.3,-0.1,-0.01,688,7.16,-212.9,-851.27,0,-0.18,NA,5.68,NA,4.165,4.6
"400","7/18/2017","17:15:03",18.905,737.3,-0.1,-0.01,692,7.16,-212.9,-851.23,0,-0.18,NA,5.67,NA,4.187,4.6
"401","7/18/2017","17:15:04",18.852,737.3,-0.1,-0.01,695,7.15,-212.8,-851.15,0,-0.17,NA,5.69,NA,4.213,4.6
"402","7/18/2017","17:15:05",18.804,737.3,-0.1,-0.01,698,7.15,-212.8,-851.07,0,-0.16,NA,5.8,NA,4.236,4.6
"403","7/18/2017","17:15:06",18.747,737.3,-0.1,-0.01,701,7.15,-212.6,-851.01,0,-0.16,NA,5.88,NA,4.258,4.7
"404","7/18/2017","17:15:07",18.702,737.3,-0.1,-0.01,705,7.14,-212.4,-850.95,0,-0.16,NA,6.02,NA,4.28,4.7
"405","7/18/2017","17:15:08",18.653,737.3,-0.1,-0.01,708,7.14,-212.2,-850.94,0,-0.14,NA,6.1,NA,4.303,4.7
"406","7/18/2017","17:15:09",18.611,737.2,-0.1,-0.01,711,7.14,-211.9,-850.91,0,-0.13,NA,6.12,NA,4.33,4.7
"407","7/18/2017","17:15:10",18.557,737.3,-0.1,-0.01,714,7.13,-211.6,-850.88,0,-0.12,NA,6.24,NA,4.352,4.7
"408","7/18/2017","17:15:11",18.51,737.3,-0.1,-0.01,718,7.13,-211.3,-850.87,0,-0.11,NA,6.39,NA,4.374,4.8
"409","7/18/2017","17:15:12",18.453,737.3,-0.2,-0.01,722,7.12,-211,-850.79,0,-0.1,NA,6.59,NA,4.395,4.8
"410","7/18/2017","17:15:13",18.403,737.3,-0.2,-0.02,726,7.12,-210.7,-850.36,0,-0.07,NA,6.8,NA,4.421,4.8
"411","7/18/2017","17:15:14",18.338,737.3,-0.2,-0.02,729,7.11,-210.4,-842.34,0,-0.06,NA,7,NA,4.441,4.8
"412","7/18/2017","17:15:15",18.287,737.3,-0.2,-0.02,732,7.11,-210.1,-843.6,0,-0.04,NA,7.23,NA,4.462,4.8
"413","7/18/2017","17:15:16",18.217,737.3,-0.2,-0.02,735,7.11,-209.8,-828.83,0,-0.04,NA,7.36,NA,4.482,4.8
"414","7/18/2017","17:15:17",18.156,737.3,-0.2,-0.02,738,7.1,-209.6,-840.45,0,-0.03,NA,7.43,NA,4.505,4.8
"415","7/18/2017","17:15:18",18.096,737.3,-0.2,-0.02,741,7.1,-209.3,-841.51,0,-0.02,NA,7.4,NA,4.524,4.8
"416","7/18/2017","17:15:19",18.047,737.3,-0.2,-0.02,743,7.1,-209.2,-840.41,0,-0.01,NA,7.54,NA,4.542,4.8
"417","7/18/2017","17:15:20",17.994,737.3,-0.2,-0.02,745,7.09,-208.9,-840.36,0,0.02,NA,7.69,NA,4.559,4.8
"418","7/18/2017","17:15:21",17.945,737.3,-0.2,-0.02,747,7.09,-208.8,-826.47,0,0.04,NA,7.8,NA,4.579,4.9
"419","7/18/2017","17:15:22",17.889,737.3,-0.2,-0.02,750,7.09,-208.6,-824.41,0,0.09,NA,16.21,NA,4.595,4.9
"420","7/18/2017","17:15:23",17.837,737.3,-0.2,-0.02,751,7.08,-208.4,-830.23,0,0.16,NA,11.59,NA,4.611,4.9
"421","7/18/2017","17:15:24",17.804,737.3,-0.2,-0.02,753,7.08,-208.2,-829,0,0.23,NA,16.11,NA,4.626,4.9
"422","7/18/2017","17:15:25",17.776,737.2,-0.2,-0.02,754,7.08,-207.9,-850.58,0,0.31,NA,17.31,NA,4.641,4.9
"423","7/18/2017","17:15:26",17.757,737.3,-0.2,-0.02,756,7.08,-207.7,-858.81,0,0.44,NA,44.73,NA,4.659,4.9
"424","7/18/2017","17:15:27",17.739,737.3,-0.2,-0.02,757,7.07,-207.5,-859.59,0,0.63,NA,41.96,NA,4.673,4.9
"425","7/18/2017","17:15:28",17.724,737.2,-0.2,-0.02,759,7.07,-207.3,-859.87,0,0.79,NA,26.34,NA,4.687,4.9
"426","7/18/2017","17:15:29",17.723,737.2,-0.2,-0.02,760,7.07,-207.1,-853.04,0,0.88,NA,30.74,NA,4.7,4.9
"427","7/18/2017","17:15:30",17.719,737.3,-0.2,-0.02,762,7.06,-206.9,-819.04,0,1,NA,24.95,NA,4.716,4.9
"428","7/18/2017","17:15:31",17.704,737.3,-0.2,-0.02,764,7.06,-206.8,-839.06,0,1.04,NA,12.95,NA,4.729,4.9
"429","7/18/2017","17:15:32",17.684,737.3,-0.2,-0.02,766,7.06,-206.5,-813.39,0,1.1,NA,25.14,NA,4.741,4.9
"430","7/18/2017","17:15:33",17.661,737.3,-0.2,-0.02,768,7.06,-206.4,-800.74,0,1.25,NA,28.57,NA,4.753,4.9
"431","7/18/2017","17:15:34",17.641,737.3,-0.2,-0.02,770,7.06,-206.2,-830.07,0,1.42,NA,25.09,NA,4.768,5
"432","7/18/2017","17:15:35",17.616,737.3,-0.2,-0.02,772,7.05,-206.1,-806.59,0,1.54,NA,19.11,NA,4.78,5
"433","7/18/2017","17:15:36",17.594,737.3,-0.2,-0.01,774,7.05,-206,-818.13,0,1.62,NA,19.93,NA,4.791,5
"434","7/18/2017","17:15:37",17.568,737.3,-0.1,-0.01,775,7.05,-205.9,-819.13,0,1.72,NA,20.51,NA,4.803,5
"435","7/18/2017","17:15:38",17.546,737.2,-0.1,-0.01,777,7.05,-205.8,-840.43,0,1.75,NA,16.02,NA,4.814,5
"436","7/18/2017","17:15:39",17.519,737.3,-0.1,-0.01,779,7.05,-205.7,-826.39,0,1.79,NA,13.46,NA,4.826,5
"437","7/18/2017","17:15:40",17.496,737.3,-0.1,-0.01,780,7.05,-205.6,-820.49,0,1.81,NA,13.15,NA,4.836,5
"438","7/18/2017","17:15:41",17.471,737.3,-0.1,-0.01,782,7.04,-205.5,-812.31,0,1.79,NA,12.06,NA,4.846,5
"439","7/18/2017","17:15:42",17.451,737.3,-0.1,-0.01,783,7.04,-205.5,-792.21,0,1.78,NA,12.08,NA,4.855,5
"440","7/18/2017","17:15:43",17.432,737.3,-0.1,-0.01,784,7.04,-205.4,-798.34,0,1.77,NA,12.2,NA,4.865,5
"441","7/18/2017","17:15:44",17.426,737.3,-0.1,-0.01,785,7.04,-205.3,-790.75,0,1.74,NA,12.41,NA,4.873,5
"442","7/18/2017","17:15:45",17.426,737.3,-0.1,-0.01,786,7.04,-205.3,-801.56,0,1.55,NA,12.38,NA,4.879,5
"443","7/18/2017","17:15:46",17.431,737.2,-0.1,-0.01,787,7.04,-205.2,-804.95,0,1.45,NA,12.35,NA,4.885,5
"444","7/18/2017","17:15:47",17.437,737.3,0,0,788,7.04,-205.2,-805.35,0,1.34,NA,12.29,NA,4.892,5
"445","7/18/2017","17:15:48",17.442,737.3,0,0,788,7.04,-205.1,-773.54,0,1.3,NA,12.3,NA,4.898,5
"446","7/18/2017","17:15:49",17.447,737.3,0,0,789,7.04,-205.1,-790.16,0,1.24,NA,12.22,NA,4.903,5
"447","7/18/2017","17:15:50",17.452,737.3,0,0,790,7.03,-205.1,-811.61,0,1.21,NA,12.14,NA,4.907,5
"448","7/18/2017","17:15:51",17.455,737.3,0,0,790,7.03,-205.1,-803.86,0,1.17,NA,12.14,NA,4.913,5
"449","7/18/2017","17:15:52",17.459,737.3,0,0,791,7.03,-205.1,-789.64,0,1.06,NA,12.03,NA,4.917,5
"450","7/18/2017","17:15:53",17.461,737.3,0,0,791,7.03,-205.1,-820.41,0,0.96,NA,11.92,NA,4.921,5
"451","7/18/2017","17:15:54",17.464,737.3,0,0,792,7.03,-205.1,-815.19,0,0.86,NA,11.69,NA,4.924,5
"452","7/18/2017","17:15:55",17.466,737.3,0,0,792,7.03,-205.1,-796.54,0,0.8,NA,11.43,NA,4.928,5
"453","7/18/2017","17:15:56",17.468,737.3,0,0,793,7.03,-205.2,-807.23,0,0.74,NA,11.32,NA,4.932,5
"454","7/18/2017","17:15:57",17.47,737.3,0,0,793,7.03,-205.2,-814.86,0,0.71,NA,11.22,NA,4.935,5
"455","7/18/2017","17:15:58",17.471,737.3,0,0,794,7.03,-205.2,-819.9,0,0.68,NA,11.23,NA,4.938,5
"456","7/18/2017","17:15:59",17.472,737.3,0,0,794,7.03,-205.2,-821.76,0,0.66,NA,11.12,NA,4.941,5
"457","7/18/2017","17:16:00",17.472,737.3,0,0,795,7.03,-205.3,-822.15,0,0.64,NA,11.08,NA,4.944,5
"458","7/18/2017","17:16:01",17.472,737.3,0,0,795,7.03,-205.3,-821.99,0,0.62,NA,11.04,NA,4.946,5
"459","7/18/2017","17:16:02",17.472,737.3,0.1,0.01,796,7.03,-205.3,-821.56,0,0.59,NA,11,NA,4.949,5
"460","7/18/2017","17:16:03",17.472,737.3,0.1,0.01,796,7.03,-205.3,-820.92,0,0.56,NA,11.08,NA,4.951,5
