Unit ID:,,,,,,,,,,,,,,,,
User ID:,,,,,,,,,,,,,,,,
Site:,106,,,,,,,,,,,,,,,
Log Interval:,1,,,,,,,,,,,,,,,
,,,,,,,,,,,,,,,,
Model, Submodel, S/N, S/W Ver,,,,,,,,,,,,,
Handheld,2, 17E100519,1.0.18,,,,,,,,,,,,,
5P Sonde,4, 17E101337,1.0.35,,,,,,,,,,,,,
pH/ORP,1, 17E101062,3.0.0,,,,,,,,,,,,,
Turbidity,1, 17D108184,3.0.0,,,,,,,,,,,,,
TAL-PC,1, 17D109804,3.0.0,,,,,,,,,,,,,
ODO,1, 17D108766,3.0.0,,,,,,,,,,,,,
CT,1, 17C104840,3.0.5,,,,,,,,,,,,,
Depth,2, 17D108419,3.0.0,,,,,,,,,,,,,
,,,,,,,,,,,,,,,,
Date,Time,°C,mmHg,DO %,DO mg/L,SPC-uS/cm,pH,ORP mV,NTU,TSS mg/L,BGA-PC ug/L,BGA-PE ug/L,Chl ug/L,fDOM RFU,DEP m,VPos m
7/12/2017,15:57:54,33.76,729.2,100.3,7.12,0.4,5.56,238.3,39.15,0,0.08,,6.35,,0,2.8
7/12/2017,15:57:55,33.753,729.3,100.4,7.12,0.4,5.56,238.2,39.19,0,0.15,,7.27,,0,2.8
7/12/2017,15:57:56,33.748,729.2,100.4,7.12,0.4,5.56,238.1,38.43,0,0.3,,12.31,,0,2.8
7/12/2017,15:57:57,33.745,729.3,100.4,7.12,0.4,5.56,238,38.89,0,0.38,,15.04,,0,2.8
7/12/2017,15:57:58,33.746,729.3,100.4,7.12,0.4,5.56,237.9,40.07,0,0.37,,14.91,,0,2.8
7/12/2017,15:57:59,33.746,729.3,100.4,7.13,0.4,5.56,237.8,40.65,0,0.36,,15.27,,0,2.8
7/12/2017,15:58:00,33.746,729.2,100.5,7.13,0.4,5.56,237.7,40.07,0,0.37,,15.08,,0,2.8
7/12/2017,15:58:01,33.744,729.2,100.5,7.13,0.4,5.56,237.6,39.84,0,0.36,,15.11,,0,2.8
7/12/2017,15:58:02,33.742,729.3,100.5,7.13,0.4,5.56,237.5,39.96,0,0.37,,16.3,,0,2.8
7/12/2017,15:58:03,33.739,729.3,94,6.67,0.4,7.81,187,8.45,0,0.81,,165.26,,0,2.8
7/12/2017,15:58:04,33.673,729.3,97.9,6.95,0.6,7.61,215,11.6,0,1.31,,279.12,,0,2.8
7/12/2017,15:58:05,32.383,729.2,99.4,7.24,1.4,7.93,176.3,0.03,0,1.42,,4.81,,0,2.8
7/12/2017,15:58:06,32.494,729.2,100.5,7.28,5.8,7.82,182,-0.29,0,1.38,,6.48,,0,2.8
7/12/2017,15:58:07,32.496,729.3,101.3,7.34,11.7,7.69,185.4,-0.37,0,1.35,,6.37,,0,2.8
7/12/2017,15:58:08,32.504,729.3,102.2,7.4,72.5,7.65,188.6,-0.4,0,1.32,,6.19,,0,2.8
7/12/2017,15:58:09,32.518,729.3,103.2,7.47,72.3,7.58,189.9,-0.38,0,1.31,,6.24,,0,2.8
7/12/2017,15:58:10,32.517,729.3,103.7,7.51,72.3,7.57,190.9,-0.43,0,1.24,,6.33,,0,2.8
7/12/2017,15:58:11,32.521,729.3,104.3,7.55,72.3,7.57,191.3,-0.45,0,1.22,,6.25,,0,2.8
7/12/2017,15:58:12,32.525,729.3,104.7,7.58,72.3,7.56,191.2,-0.45,0,1.19,,6.23,,0,2.8
7/12/2017,15:58:13,32.526,729.3,105.2,7.62,72.2,7.56,190.9,-0.44,0,1.16,,6.4,,0,2.8
7/12/2017,15:58:14,32.522,729.3,105.5,7.64,72.2,7.55,190.9,-0.45,0,0.99,,6.56,,0,2.8
7/12/2017,15:58:15,32.519,729.3,105.9,7.66,72.2,7.54,190.8,-0.47,0,0.59,,6.66,,0,2.8
7/12/2017,15:58:16,32.519,729.4,106.1,7.68,72.2,7.53,190.7,-0.48,0,0.37,,6.75,,0,2.8
7/12/2017,15:58:17,32.517,729.2,106.4,7.7,72.2,7.52,190.5,-0.47,0,0.33,,6.91,,0,2.8
7/12/2017,15:58:18,32.516,729.3,106.6,7.72,72.2,7.51,190.5,-0.47,0,0.3,,6.87,,0,2.8
7/12/2017,15:58:19,32.513,729.2,106.8,7.73,72.2,7.45,190.6,-0.48,0,0.28,,6.83,,0,2.8
7/12/2017,15:58:20,32.511,729.2,107.3,7.77,72.2,7.45,190.5,-0.47,0,0.25,,6.8,,0,2.8
7/12/2017,15:58:21,32.51,729.3,107.8,7.81,72.3,7.46,190.4,-0.48,0,0.22,,6.73,,0,2.8
7/12/2017,15:58:22,32.508,729.3,108.2,7.83,72.3,7.48,190.2,-0.48,0,-0.17,,6.78,,0,2.8
7/12/2017,15:58:23,32.506,729.3,108.5,7.86,72.3,7.47,190.1,-0.48,0,-0.51,,6.69,,0,2.8
7/12/2017,15:58:24,32.503,729.4,108.7,7.87,72.3,7.46,190.2,-0.49,0,-0.53,,6.42,,0,2.8
7/12/2017,15:58:25,32.5,729.3,108.9,7.89,72.3,7.47,190.1,-0.47,0,-0.53,,6.26,,0,2.8
7/12/2017,15:58:26,32.497,729.3,109,7.9,72.3,7.47,190,-0.47,0,-0.53,,6.08,,0,2.8
7/12/2017,15:58:27,32.495,729.2,109.2,7.91,72.3,7.47,190,-0.47,0,-0.52,,5.95,,0,2.8
7/12/2017,15:58:28,32.492,729.3,109.2,7.91,72.3,7.47,190,-0.47,0,-0.53,,5.72,,0,2.8
7/12/2017,15:58:29,32.483,729.2,109.3,7.92,72.3,7.48,190,-0.45,0,-0.53,,5.72,,0,2.8
7/12/2017,15:58:30,32.435,729.3,109.2,7.92,72.3,7.48,189.8,-0.43,0,-0.52,,5.83,,0,2.8
7/12/2017,15:58:31,32.393,729.3,109.2,7.92,72.3,7.49,189.7,-0.43,0,-0.53,,5.88,,0,2.8
7/12/2017,15:58:32,32.33,729.2,109.2,7.93,72.4,7.59,189.2,-0.42,0,-0.53,,5.94,,0,2.8
7/12/2017,15:58:33,32.258,729.2,109.1,7.93,72.4,7.6,188.8,-0.42,0,-0.52,,6.02,,0,2.8
7/12/2017,15:58:34,32.165,729.3,109,7.93,72.4,7.62,188.5,-0.4,0,-0.53,,6.2,,0,2.8
7/12/2017,15:58:35,32.092,729.3,109,7.94,72.4,7.59,188.4,-0.4,0,-0.52,,6.35,,0,2.8
7/12/2017,15:58:36,32.003,729.2,108.9,7.95,72.4,7.59,188.1,-0.4,0,-0.52,,6.41,,0,2.8
7/12/2017,15:58:37,31.918,729.3,108.9,7.96,72.4,7.6,187.8,-0.41,0,-0.51,,6.55,,0,2.8
7/12/2017,15:58:38,31.818,729.3,108.9,7.97,72.4,7.61,187.5,-0.41,0,-0.52,,6.71,,0,2.8
7/12/2017,15:58:39,31.726,729.2,108.9,7.99,72.4,7.62,187.3,-0.41,0,-0.51,,7.01,,0,2.8
7/12/2017,15:58:40,31.614,729.2,108.9,8,72.4,7.62,187.1,-0.4,0,-0.52,,7.25,,0,2.8
7/12/2017,15:58:41,31.512,729.2,108.9,8.02,72.4,7.63,186.8,-0.39,0,-0.52,,7.32,,0,2.8
7/12/2017,15:58:42,31.411,729.2,108.9,8.03,72.4,7.64,186.5,-0.38,0,-0.52,,7.36,,0,2.8
7/12/2017,15:58:43,31.342,729.3,109,8.05,72.4,7.65,186.2,-0.38,0,-0.52,,7.47,,0,2.8
7/12/2017,15:58:44,31.269,729.2,109.1,8.06,72.4,7.66,185.8,-0.38,0,-0.52,,7.61,,0,2.8
7/12/2017,15:58:45,31.231,729.2,109.2,8.08,72.3,7.66,185.5,-0.37,0,-0.51,,7.6,,0,2.8
7/12/2017,15:58:46,31.194,729.3,109.4,8.1,72.3,7.67,185.2,-0.36,0,-0.52,,7.69,,0,2.8
7/12/2017,15:58:47,31.164,729.2,109.5,8.11,72.2,7.68,184.7,-0.36,0,-0.51,,7.84,,0,2.8
7/12/2017,15:58:48,31.116,729.2,109.6,8.12,72.2,7.68,184.3,-0.36,0,-0.52,,7.96,,0,2.8
7/12/2017,15:58:49,31.066,729.3,109.6,8.13,72.2,7.69,184.1,-0.36,0,-0.52,,7.88,,0,2.8
7/12/2017,15:58:50,31.028,729.2,109.6,8.14,72.2,7.7,183.6,-0.36,0,-0.52,,7.94,,0,2.8
7/12/2017,15:58:51,30.988,729.3,109.7,8.15,72.2,7.7,183.2,-0.34,0,-0.51,,7.85,,0,2.8
7/12/2017,15:58:52,30.959,729.2,109.7,8.15,72.1,7.81,182.8,-0.33,0,-0.51,,8.04,,0,2.8
7/12/2017,15:58:53,30.933,729.3,109.7,8.16,72.1,7.82,182.5,-0.32,0,-0.51,,8.26,,0,2.8
7/12/2017,15:58:54,30.913,729.3,109.7,8.16,72.1,7.81,182.1,-0.31,0,-0.52,,8.23,,0,2.8
7/12/2017,15:58:55,30.894,729.4,109.7,8.16,72.1,7.8,181.9,-0.31,0,-0.52,,8.31,,0,2.8
7/12/2017,15:58:56,30.884,729.3,109.7,8.16,72,7.81,181.6,-0.31,0,-0.53,,8.45,,0,2.8
7/12/2017,15:58:57,30.872,729.2,109.7,8.16,72,7.82,181.3,-0.32,0,-0.53,,8.56,,0,2.8
7/12/2017,15:58:58,30.842,729.2,109.6,8.16,72,7.83,181,-0.31,0,-0.53,,8.48,,0,2.8
7/12/2017,15:58:59,30.823,729.2,109.6,8.16,72,7.82,180.7,-0.3,0,-0.53,,8.58,,0,2.8
7/12/2017,15:59:00,30.805,729.3,109.5,8.16,72,7.82,180.5,-0.31,0,-0.53,,8.76,,0,2.8
7/12/2017,15:59:01,30.796,729.3,109.5,8.16,71.9,7.82,180.3,-0.3,0,-0.53,,8.9,,0,2.8
7/12/2017,15:59:02,30.771,729.4,109.4,8.16,71.9,7.82,180.2,-0.29,0,-0.53,,9.12,,0,2.8
7/12/2017,15:59:03,30.743,729.2,109.3,8.15,71.9,7.82,180,-0.27,0,-0.53,,9.19,,0,2.8
7/12/2017,15:59:04,30.7,729.2,109.1,8.15,71.9,7.82,179.8,-0.26,0,-0.53,,9.39,,0,2.8
7/12/2017,15:59:05,30.655,729.2,108.9,8.13,71.8,7.82,179.7,-0.25,0,-0.52,,9.72,,0,2.8
7/12/2017,15:59:06,30.599,729.2,108.6,8.12,71.8,7.82,179.6,-0.23,0,-0.52,,10.13,,0,2.8
7/12/2017,15:59:07,30.554,729.2,104.9,7.85,71.7,7.82,179.5,-0.21,0,-0.51,,10.39,,0,2.8
7/12/2017,15:59:08,30.498,729.2,104.4,7.82,71.7,7.82,179.3,-0.2,0,-0.5,,10.86,,0,2.8
7/12/2017,15:59:09,30.446,729.3,104.2,7.81,71.7,7.83,179.2,-0.19,0,-0.5,,11.46,,0,2.8
7/12/2017,15:59:10,30.385,729.3,103.6,7.77,71.7,7.83,179.1,-0.18,0,-0.5,,11.77,,0,2.8
7/12/2017,15:59:11,30.333,729.3,103.5,7.77,71.6,7.83,178.9,-0.16,0,-0.51,,12.11,,0,2.8
7/12/2017,15:59:12,30.275,729.3,103.3,7.77,71.6,7.83,178.8,-0.14,0,-0.51,,12.31,,0,2.8
7/12/2017,15:59:13,30.221,729.2,103.1,7.76,71.5,7.84,178.7,-0.12,0,-0.5,,12.69,,0,2.8
7/12/2017,15:59:14,30.177,729.2,103,7.76,71.5,7.84,178.5,-0.11,0,-0.49,,13.13,,0,2.8
7/12/2017,15:59:15,30.138,729.2,102.9,7.75,71.5,7.84,178.3,-0.09,0,-0.48,,13.28,,0,2.8
7/12/2017,15:59:16,30.106,729.2,102.7,7.75,71.5,7.84,178.3,-0.08,0,-0.48,,13.53,,0,2.8
7/12/2017,15:59:17,30.08,729.2,102.5,7.74,71.5,7.84,178.2,-0.08,0,-0.48,,13.69,,0,2.8
7/12/2017,15:59:18,30.047,729.2,102.4,7.73,71.4,7.84,178.3,-0.06,0,-0.48,,13.92,,0,2.8
7/12/2017,15:59:19,29.995,729.2,102.1,7.71,71.4,7.84,178.3,-0.05,0,-0.47,,14.41,,0,2.8
7/12/2017,15:59:20,29.917,729.2,97.8,7.4,71.4,7.84,178.3,-0.04,0,-0.46,,15.07,,0,2.8
7/12/2017,15:59:21,29.811,729.2,94.7,7.17,71.3,7.84,178.5,-0.03,0,-0.45,,16.14,,0,2.8
7/12/2017,15:59:22,29.706,729.2,93.4,7.09,71.2,7.84,178.4,0,0,-0.45,,17.3,,0,2.8
7/12/2017,15:59:23,28.052,729.3,93.3,7.27,73.1,7.85,178.3,0.02,0,-0.44,,18.69,,0,2.8
7/12/2017,15:59:24,28.079,729.3,93,7.27,72.9,7.85,178.3,0.04,0,-0.43,,20.06,,0,2.8
7/12/2017,15:59:25,28.016,729.2,92.5,7.23,72.8,7.85,178.1,0.05,0,-0.43,,21.55,,0,2.8
7/12/2017,15:59:26,27.987,729.3,91.9,7.19,72.6,7.85,178,0.06,0,-0.42,,23.21,,0,2.8
7/12/2017,15:59:27,27.933,729.4,91.3,7.15,72.4,7.85,177.8,0.07,0,-0.42,,24.88,,0,2.8
7/12/2017,15:59:28,27.897,729.2,86.7,6.79,72.3,7.85,177.7,0.09,0,-0.41,,26.43,,0,2.8
7/12/2017,15:59:29,27.826,729.2,85.5,6.71,72.1,7.85,177.7,0.11,0,-0.4,,26.98,,0,2.8
7/12/2017,15:59:30,27.753,729.3,84,6.6,72,7.85,177.6,0.12,0,-0.39,,27.77,,0,2.8
7/12/2017,15:59:31,27.728,729.3,83.8,6.59,71.9,7.84,177.5,0.13,0,-0.37,,28.28,,0,2.8
7/12/2017,15:59:32,27.714,729.2,83.3,6.55,71.7,7.84,177.5,0.13,0,-0.37,,28.88,,0,2.8
7/12/2017,15:59:33,27.691,729.3,82.8,6.51,71.6,7.84,177.5,0.14,0,-0.36,,29.25,,0,2.8
7/12/2017,15:59:34,27.657,729.2,82.2,6.47,71.6,7.83,177.4,0.14,0,-0.36,,29.45,,0,2.8
7/12/2017,15:59:35,27.629,729.3,81.8,6.44,71.5,7.83,177.5,0.14,0,-0.35,,29.87,,0,2.8
7/12/2017,15:59:36,27.592,729.2,78.1,6.15,71.4,7.82,177.5,0.16,0,-0.35,,29.99,,0,2.8
7/12/2017,15:59:37,26.222,729.2,74.8,5.9,73.1,7.82,177.5,0.19,0,-0.35,,30,,0,2.8
7/12/2017,15:59:38,26.557,729.2,74.7,6,72.4,7.71,177.7,0.21,0,-0.35,,30.06,,0,2.7
7/12/2017,15:59:39,26.523,729.3,73.3,5.89,72.3,7.7,177.8,0.26,0,-0.35,,30.05,,0,2.7
7/12/2017,15:59:40,26.459,729.2,72.7,5.84,72.2,7.71,177.9,0.3,0,-0.35,,30.72,,0,2.7
7/12/2017,15:59:41,26.158,729.3,68.3,5.5,72.4,7.72,177.8,0.38,0,-0.35,,31.16,,0,2.7
7/12/2017,15:59:42,25.708,729.2,67.4,5.47,72.9,7.72,177.8,0.44,0,-0.35,,32.02,,0,2.7
7/12/2017,15:59:43,25.405,729.2,65.1,5.33,73,7.72,177.8,0.52,0,-0.34,,33,,0,2.7
7/12/2017,15:59:44,25.23,729.2,63.6,5.23,73,7.71,177.8,0.57,0,-0.34,,34.12,,0,2.7
7/12/2017,15:59:45,25.111,729.2,62.6,5.16,72.9,7.71,177.8,0.67,0,-0.33,,35.09,,0,2.7
7/12/2017,15:59:46,25.02,729.2,61.4,5.06,72.8,7.7,177.9,0.75,0,-0.32,,35.77,,0,2.7
7/12/2017,15:59:47,24.943,729.2,60.5,5,72.6,7.7,178,0.84,0,-0.33,,36.96,,0,2.7
7/12/2017,15:59:48,24.887,729.3,56.4,4.67,72.4,7.69,178.1,0.91,0,-0.31,,40.8,,0,2.7
7/12/2017,15:59:49,24.824,729.2,54.9,4.55,72.2,7.69,178.3,0.99,0,-0.3,,49.98,,0,2.7
7/12/2017,15:59:50,24.774,729.3,53.8,4.46,72.1,7.68,178.5,1.06,0,-0.31,,42.49,,0,2.7
7/12/2017,15:59:51,24.727,729.2,53,4.4,72,7.68,178.7,1.15,0,-0.29,,40.56,,0,2.7
7/12/2017,15:59:52,24.688,729.2,52.4,4.35,71.8,7.67,178.9,1.19,0,-0.29,,41.73,,0,2.7
7/12/2017,15:59:53,24.656,729.2,51.9,4.32,71.7,7.67,179.1,1.27,0,-0.28,,43.21,,0,2.7
7/12/2017,15:59:54,24.536,729.2,51.5,4.29,71.7,7.67,179.3,1.37,0,-0.27,,43.42,,0,2.7
7/12/2017,15:59:55,24.464,729.2,51.2,4.27,71.7,7.66,179.5,1.38,0,-0.26,,43.25,,0,2.7
7/12/2017,15:59:56,24.415,729.2,50.8,4.24,71.6,7.66,179.7,1.38,0,-0.25,,43.32,,0,2.7
7/12/2017,15:59:57,24.389,729.4,50.6,4.23,71.6,7.66,179.8,1.39,0,-0.25,,43.25,,0,2.7
7/12/2017,15:59:58,24.348,729.3,50.3,4.2,71.6,7.66,179.9,1.41,0,-0.24,,43.35,,0,2.7
7/12/2017,15:59:59,22.319,729.4,45,3.77,74.4,7.65,180.2,1.43,0,-0.23,,43.11,,0,2.7
7/12/2017,16:00:00,22.882,729.3,46.4,4.03,73.6,7.65,180.4,1.44,0,-0.22,,43.21,,0,2.7
7/12/2017,16:00:01,22.866,729.3,45.1,3.87,73.3,7.65,180.6,1.47,0,-0.21,,43.14,,0,2.7
7/12/2017,16:00:02,22.661,729.3,44.2,3.81,73.4,7.65,180.6,1.47,0,-0.2,,42.67,,0,2.7
7/12/2017,16:00:03,22.503,729.3,43.7,3.78,73.5,7.65,180.7,1.5,0,-0.2,,42.79,,0,2.7
7/12/2017,16:00:04,22.173,729.2,43,3.74,73.7,7.64,180.8,1.51,0,-0.2,,42.1,,0,2.7
7/12/2017,16:00:05,21.887,729.3,42.5,3.71,74,7.64,180.8,1.53,0,-0.2,,42,,0,2.7
7/12/2017,16:00:06,21.647,729.2,41.9,3.68,74.1,7.63,180.8,1.52,0,-0.2,,41.78,,0,2.7
7/12/2017,16:00:07,21.449,729.2,41.6,3.67,74.2,7.63,180.8,1.55,0,-0.21,,41.6,,0,2.7
7/12/2017,16:00:08,21.352,729.2,41.2,3.64,74.1,7.63,180.7,1.45,0,-0.21,,41.43,,0,2.7
7/12/2017,16:00:09,21.26,729.2,40.9,3.62,74,7.63,180.7,1.46,0,-0.2,,41.21,,0,2.7
7/12/2017,16:00:10,21.216,729.2,40.5,3.59,73.8,7.63,180.5,1.5,0,-0.2,,41.6,,0,2.7
7/12/2017,16:00:11,21.198,729.2,40.2,3.57,73.6,7.62,180.4,1.53,0,-0.2,,41.9,,0,2.7
7/12/2017,16:00:12,21.191,729.3,36.8,3.27,73.4,7.62,180.3,1.52,0,-0.2,,42.18,,0,2.7
7/12/2017,16:00:13,21.176,729.3,34.9,3.1,73.3,7.62,180.1,1.53,0,-0.2,,42.09,,0,2.7
7/12/2017,16:00:14,19.721,729.3,35.8,3.27,75.3,7.62,180.1,1.53,0,-0.2,,41.15,,0,2.7
7/12/2017,16:00:15,18.692,729.2,34.3,3.18,76.7,7.62,180.1,1.51,0,-0.2,,40.99,,0,2.7
7/12/2017,16:00:16,19.155,729.3,33.4,3.1,76,7.62,180.2,1.52,0,-0.2,,41.11,,0,2.7
7/12/2017,16:00:17,18.922,729.2,33.1,3.07,76.2,7.61,180.4,1.49,0,-0.2,,41.2,,0,2.7
7/12/2017,16:00:18,18.533,729.2,32.5,3.04,76.9,7.61,180.5,1.46,0,-0.2,,41.04,,0,2.7
7/12/2017,16:00:19,18.371,729.2,32.1,3.02,77.1,7.6,180.6,1.44,0,-0.2,,41.27,,0,2.7
7/12/2017,16:00:20,18.266,729.3,31.8,2.99,77.2,7.6,180.6,1.43,0,-0.2,,41.23,,0,2.7
7/12/2017,16:00:21,18.224,729.2,31.5,2.96,77.2,7.6,180.7,1.43,0,-0.2,,41.06,,0,2.7
7/12/2017,16:00:22,18.202,729.2,31.1,2.93,77.2,7.6,180.7,1.42,0,-0.21,,40.51,,0,2.7
7/12/2017,16:00:23,18.156,729.2,30.8,2.91,77.2,7.6,180.6,1.43,0,-0.2,,40.24,,0,2.7
7/12/2017,16:00:24,18.119,729.2,30.5,2.88,77.2,7.6,180.6,1.44,0,-0.2,,40.97,,0,2.7
7/12/2017,16:00:25,18.063,729.2,30.2,2.85,77.3,7.59,180.6,1.44,0,-0.19,,42.03,,0,2.7
7/12/2017,16:00:26,16.91,729.2,26.5,2.51,79.3,7.59,180.7,1.45,0,-0.18,,43.04,,0,2.7
7/12/2017,16:00:27,16.801,729.2,26.4,2.56,79.6,7.59,180.8,1.48,0,-0.18,,43.63,,0,2.7
7/12/2017,16:00:28,16.218,729.2,26.3,2.58,80.7,7.59,181,1.49,0,-0.17,,44.37,,0,2.7
7/12/2017,16:00:29,16.636,729.2,26.1,2.54,80.1,7.59,181.1,1.51,0,-0.15,,44.42,,0,2.7
7/12/2017,16:00:30,16.472,729.2,25.6,2.5,80.4,7.58,181.2,1.54,0,-0.15,,49.93,,0,2.7
7/12/2017,16:00:31,16.346,729.3,25.4,2.48,80.7,7.58,181.5,1.58,0,-0.15,,47.97,,0,2.7
7/12/2017,16:00:32,16.253,729.3,25.1,2.46,81,7.58,181.6,1.65,0,-0.15,,43.71,,0,2.7
7/12/2017,16:00:33,16.163,729.2,24.8,2.44,81.2,7.57,181.9,1.71,0,-0.13,,44.12,,0,2.7
7/12/2017,16:00:34,16.1,729.2,24.6,2.42,81.4,7.57,182,1.76,0,-0.12,,44.83,,0,2.7
7/12/2017,16:00:35,15.996,729.2,24.3,2.39,81.7,7.56,182.3,1.84,0,-0.11,,45.5,,0,2.7
7/12/2017,16:00:36,15.86,729.2,24,2.37,82,7.56,182.5,1.92,0,-0.09,,45.87,,0,2.7
7/12/2017,16:00:37,15.738,729.2,23.6,2.34,82.3,7.56,182.6,2.06,0,-0.07,,45.88,,0,2.7
7/12/2017,16:00:38,15.665,729.2,23.4,2.32,82.6,7.56,182.7,2.29,0,-0.05,,46.21,,0,2.7
7/12/2017,16:00:39,15.579,729.2,20,1.99,83,7.55,182.7,2.74,0,-0.01,,46.87,,0,2.7
7/12/2017,16:00:40,14.476,729.3,19.5,1.94,85.5,7.55,182.8,3.44,0,0.13,,108.17,,0,2.7
7/12/2017,16:00:41,14.216,729.2,19.3,1.98,86.4,7.55,182.8,4.09,0,0.38,,102.18,,0,2.7
7/12/2017,16:00:42,14.084,729.2,19,1.95,87.4,7.55,182.9,4.81,0,0.59,,124.52,,0,2.7
7/12/2017,16:00:43,14.039,729.2,18.8,1.93,88.3,7.54,183.1,5.42,0,0.87,,109.3,,0,2.7
7/12/2017,16:00:44,13.999,729.3,18.5,1.9,89.4,7.54,183.3,6.5,0,1.14,,98.66,,0,2.7
7/12/2017,16:00:45,13.903,729.2,18.2,1.88,90.6,7.53,183.4,7.42,0,1.43,,111.86,,0,2.7
7/12/2017,16:00:46,13.846,729.2,18,1.86,92,7.44,183.6,8.4,0,1.72,,125.33,,0,2.7
7/12/2017,16:00:47,13.699,729.2,17.7,1.84,93.8,7.42,183.8,9.33,0,1.99,,127.86,,0,2.7
7/12/2017,16:00:48,13.59,729.2,17.5,1.82,95.3,7.4,184.1,10.09,0,2.29,,139.26,,0,2.7
7/12/2017,16:00:49,13.51,729.2,17.3,1.8,97,7.4,184.3,11.41,0,6.71,,164.7,,0,2.7
7/12/2017,16:00:50,13.456,729.2,17,1.77,98.6,7.4,184.6,12.11,0,5.74,,132.18,,0,2.7
7/12/2017,16:00:51,13.431,729.2,16.8,1.75,100.2,7.39,184.8,13.25,0,5.76,,132.18,,0,2.7
7/12/2017,16:00:52,13.41,729.2,16.5,1.73,101.6,7.38,185.2,14.13,0,5,,132.35,,0,2.7
7/12/2017,16:00:53,13.377,729.2,16.3,1.7,103.1,7.38,185.5,14.97,0,5,,100.72,,0,2.7
7/12/2017,16:00:54,13.316,729.3,12.9,1.35,104.7,7.37,185.8,28.65,0,5.34,,96.63,,0,2.7
7/12/2017,16:00:55,13.269,729.2,12.4,1.3,106.4,7.36,186.2,27.31,0,5.52,,90.85,,0,2.7
7/12/2017,16:00:56,13.218,729.3,12,1.25,107.8,7.35,186.6,30.64,0,5.59,,82.84,,0,2.7
7/12/2017,16:00:57,11.945,729.2,11.6,1.22,113.1,7.24,187,33.45,0,5.49,,61.02,,0,2.7
7/12/2017,16:00:58,11.931,729.2,11.3,1.22,116.3,7.2,187.3,29.32,0,5.28,,82.8,,0,2.7
7/12/2017,16:00:59,12.197,729.2,11.1,1.2,118.4,7.17,187.6,29.15,0,5.13,,43.66,,0,2.7
7/12/2017,16:01:00,11.739,729.2,10.9,1.18,122.8,7.12,188.1,25.27,0,4.95,,44.16,,0,2.7
7/12/2017,16:01:01,11.825,729.2,10.7,1.16,126,7.11,188.6,28.04,0,4.81,,45.51,,0,2.7
7/12/2017,16:01:02,11.864,729.2,10.6,1.14,128.9,7.09,188.9,28.34,0,4.68,,48.34,,0,2.7
7/12/2017,16:01:03,11.841,729.2,10.3,1.12,132.5,7.07,189.1,27.35,0,4.6,,50.52,,0,2.7
7/12/2017,16:01:04,11.819,729.2,10.2,1.1,136.3,7.06,189.1,27,0,4.55,,51.16,,0,2.7
7/12/2017,16:01:05,11.795,729.2,10,1.08,139.7,7.05,176.8,23.29,0,4.5,,51.58,,0,2.7
7/12/2017,16:01:06,11.778,729.2,9.8,1.06,143.5,7.04,170.5,23.53,0,4.46,,51.62,,0,2.7
7/12/2017,16:01:07,11.766,729.2,9.6,1.04,146.6,7.03,163.5,22.71,0,4.43,,51.43,,0,2.7
7/12/2017,16:01:08,11.758,729.2,9.5,1.03,150,7.02,157.9,23.67,0,4.42,,51.26,,0,2.7
7/12/2017,16:01:09,11.749,729.3,9.3,1.01,153,7.02,154.4,26.69,0,4.38,,68.37,,0,2.7
7/12/2017,16:01:10,11.742,729.2,9.2,0.99,155.7,7.01,140.2,26.44,0,4.34,,53.75,,0,2.7
7/12/2017,16:01:11,11.739,729.2,8.8,0.96,156.9,7,133.7,26.25,0,4.31,,55.59,,0,2.7
7/12/2017,16:01:12,11.737,729.3,8.6,0.93,158.5,6.99,126.8,27.22,0,4.23,,53.1,,0,2.7
7/12/2017,16:01:13,11.732,729.3,8.3,0.9,159.6,6.99,121.9,26.77,0,4.15,,53.1,,0,2.7
7/12/2017,16:01:14,11.721,729.2,8,0.87,160.8,6.88,112.4,25.44,0,4.07,,52.56,,0,2.7
7/12/2017,16:01:15,11.706,729.2,7.8,0.84,161.8,6.87,105.6,25.17,0,3.96,,47.83,,0,2.7
7/12/2017,16:01:16,11.696,729.2,7.5,0.82,162.8,6.86,99.5,24.81,0,3.58,,56.81,,0,2.7
7/12/2017,16:01:17,11.689,729.2,7.3,0.79,163.6,6.86,91.3,26.45,0,4.12,,49.82,,0,2.7
7/12/2017,16:01:18,11.674,729.2,7.1,0.78,165,6.85,90.4,26.66,0,3.92,,43.85,,0,2.7
7/12/2017,16:01:19,11.655,729.2,6.9,0.75,167.5,6.83,81.2,328.46,0,6.85,,98.93,,0,2.7
7/12/2017,16:01:20,11.626,729.2,6.8,0.74,170.2,6.81,74.3,144.22,0,0.42,,10.44,,0,2.7
7/12/2017,16:01:21,11.601,729.3,6.6,0.72,173.4,6.79,67.6,162.75,0,0.47,,12.42,,0,2.7
7/12/2017,16:01:22,11.577,729.2,6.4,0.7,176.1,6.78,62.3,176.44,0,0.66,,13.56,,0,2.7
7/12/2017,16:01:23,11.554,729.2,6.3,0.68,179,6.77,60.3,35.86,0,0.69,,13.56,,0,2.7
7/12/2017,16:01:24,11.526,729.2,6.1,0.67,181.6,6.76,49,294.05,0,2.6,,96.2,,0,2.7
7/12/2017,16:01:25,11.499,729.2,6,0.65,184.7,6.76,42.4,361.68,0,0.59,,9.75,,0,2.7
7/12/2017,16:01:26,11.472,729.2,5.9,0.64,187.5,6.75,36.8,489.15,0,0.63,,10.66,,0,2.7
7/12/2017,16:01:27,11.449,729.2,5.7,0.63,190.7,6.74,34.5,216.86,0,0.58,,10.23,,0,2.7
7/12/2017,16:01:28,11.424,729.2,5.6,0.61,193.4,6.74,25.7,1955.5,0,0.71,,10.97,,0,2.7
7/12/2017,16:01:29,11.404,729.3,5.5,0.6,196.5,6.73,19.7,956.33,0,1.23,,68.68,,0,2.7
7/12/2017,16:01:30,11.379,729.2,5.4,0.59,199.2,6.73,14.9,618.65,0,2.97,,84.17,,0,2.7
7/12/2017,16:01:31,11.37,729.2,5.3,0.58,201,6.72,9.8,708.51,0,4,,54.49,,0,2.7
7/12/2017,16:01:32,11.367,729.3,5.2,0.57,201.4,6.72,9.4,941.6,0,4.66,,82.8,,0,2.7
7/12/2017,16:01:33,11.366,729.2,5.1,0.56,202.1,6.71,8,1260.7,0,4.95,,82.8,,0,2.7
7/12/2017,16:01:34,11.368,729.2,5,0.55,202.7,6.71,-0.2,997.05,0,5.05,,82.43,,0,2.7
7/12/2017,16:01:35,11.368,729.2,4.9,0.54,203.3,6.71,-2.7,1125.1,0,7.02,,160.29,,0,2.7
7/12/2017,16:01:36,11.369,729.3,4.9,0.53,204,6.7,-5.5,1089.5,0,6.78,,72.02,,0,2.7
7/12/2017,16:01:37,11.372,729.2,4.8,0.52,204.4,6.7,-7.1,1259.9,0,6.85,,101.23,,0,2.7
7/12/2017,16:01:38,11.375,729.3,4.7,0.51,204.8,6.69,-8.9,977.18,0,6.47,,98.13,,0,2.7
7/12/2017,16:01:39,11.377,729.2,4.6,0.51,205.1,6.62,-10.8,382.54,0,6.47,,88.48,,0,2.7
7/12/2017,16:01:40,11.379,729.2,4.6,0.5,205.5,6.62,-12.5,338.21,0,6.41,,101.25,,0,2.7
7/12/2017,16:01:41,11.381,729.2,4.5,0.49,205.8,6.62,-19.7,466.88,0,6.2,,64.24,,0,2.7
7/12/2017,16:01:42,11.382,729.3,4.5,0.49,206.1,6.62,-23,1140,0,1.56,,13.08,,0,2.7
7/12/2017,16:01:43,11.381,729.2,4.4,0.48,206.4,6.62,-25.4,606.76,0,0.6,,11.8,,0,2.7
7/12/2017,16:01:44,11.379,729.2,4.3,0.47,206.8,6.62,-26.6,1515.5,0,2.05,,19.7,,0,2.7
7/12/2017,16:01:45,11.374,729.2,4.3,0.47,207.9,6.62,-27.4,1290.6,0,2.2,,38.56,,0,2.7
7/12/2017,16:01:46,11.373,729.2,4.2,0.46,208.1,6.62,-28.7,1430,0,2.2,,53.06,,0,2.7
7/12/2017,16:01:47,11.37,729.2,4.2,0.46,208.4,6.62,-29.4,1536.8,0,2.08,,102.06,,0,2.7
7/12/2017,16:01:48,11.367,729.2,4.2,0.45,208.7,6.61,-30.2,1555.2,0,1.99,,90.59,,0,2.7
7/12/2017,16:01:49,11.363,729.2,4.1,0.45,209.1,6.61,-31,1511.3,0,1.97,,88.16,,0,2.7
7/12/2017,16:01:50,11.36,729.2,4.1,0.45,209.3,6.61,-37,1329.5,0,1.95,,86.94,,0,2.7
7/12/2017,16:01:51,11.357,729.2,4,0.44,209.6,6.61,-38.2,1452.1,0,1.93,,86.26,,0,2.7
7/12/2017,16:01:52,11.355,729.2,4,0.44,209.9,6.61,-39.3,1393.9,0,1.91,,85.49,,0,2.7
7/12/2017,16:01:53,11.353,729.2,4,0.43,210.1,6.61,-40.3,1479.8,0,1.89,,84.54,,0,2.7
7/12/2017,16:01:54,11.351,729.2,3.9,0.43,210.2,6.61,-40.6,1456.1,0,1.87,,83.37,,0,2.7
7/12/2017,16:01:55,11.348,729.2,3.9,0.43,210.4,6.61,-41.2,1474.5,0,1.86,,81.93,,0,2.7
7/12/2017,16:01:56,11.348,729.2,3.9,0.42,210.6,6.61,-41.9,1489.9,0,1.86,,80.68,,0,2.7
7/12/2017,16:01:57,11.35,729.2,3.9,0.42,210.8,6.61,-42.4,1493.7,0,1.85,,79.41,,0,2.7
7/12/2017,16:01:58,11.352,729.2,3.8,0.42,210.8,6.61,-42.9,1484.8,0,1.85,,76.99,,0,2.7
7/12/2017,16:01:59,11.354,729.3,3.8,0.42,210.9,6.61,-43.4,1474.5,0,1.85,,74.77,,0,2.7
7/12/2017,16:02:00,11.356,729.3,3.8,0.41,210.9,6.61,-43.9,1460.4,0,1.84,,72.48,,0,2.7
7/12/2017,16:02:01,11.357,729.2,3.8,0.41,210.9,6.61,-44.4,1451.5,0,1.84,,70.01,,0,2.7
7/12/2017,16:02:02,11.358,729.2,3.7,0.41,210.9,6.61,-44.9,1445.5,0,1.84,,67.56,,0,2.7
7/12/2017,16:02:03,11.359,729.2,3.7,0.41,210.9,6.61,-45.4,1436,0,1.83,,65.36,,0,2.7
7/12/2017,16:02:04,11.364,729.3,3.7,0.41,210.9,6.61,-45.9,1428.7,0,1.83,,63.49,,0,2.7
7/12/2017,16:02:05,11.375,729.2,3.7,0.4,210.9,6.61,-46.4,1421.8,0,1.82,,61.81,,0,2.7
7/12/2017,16:02:06,11.387,729.2,3.7,0.4,210.8,6.68,-46.7,1419.1,0,1.81,,60.18,,0,2.7
7/12/2017,16:02:07,11.4,729.3,3.7,0.4,210.8,6.64,-47.1,1415.7,0,1.81,,58.85,,0,2.7
7/12/2017,16:02:08,11.409,729.3,3.7,0.4,210.8,6.64,-52.5,1408.1,0,1.79,,57.56,,0,2.7
7/12/2017,16:02:09,11.42,729.3,3.7,0.4,210.8,6.64,-52.8,1318.9,0,1.79,,56.48,,0,2.7
7/12/2017,16:02:10,11.43,729.3,3.6,0.4,210.8,6.64,-53.7,1312.6,0,1.79,,55.53,,0,2.7
7/12/2017,16:02:11,11.437,729.3,3.6,0.4,210.8,6.64,-53.9,1372.5,0,1.8,,54.76,,0,2.7
7/12/2017,16:02:12,11.445,729.2,3.6,0.39,210.7,6.64,-54.2,1350,0,1.8,,54.17,,0,2.7
7/12/2017,16:02:13,11.452,729.2,3.6,0.39,210.7,6.64,-54.4,1345.9,0,1.81,,53.63,,0,2.7
7/12/2017,16:02:14,11.461,729.2,3.6,0.39,210.7,6.64,-54.6,1348,0,1.81,,53.17,,0,2.7
7/12/2017,16:02:15,11.468,729.2,3.6,0.39,210.7,6.64,-54.8,1357.7,0,1.81,,52.71,,0,2.7
7/12/2017,16:02:16,11.476,729.3,3.6,0.39,210.6,6.64,-55.1,1368.4,0,1.81,,52.2,,0,2.7
7/12/2017,16:02:17,11.477,729.2,3.6,0.39,210.6,6.64,-55.3,1375.7,0,1.81,,51.75,,0,2.7
7/12/2017,16:02:18,11.474,729.2,3.5,0.39,210.6,6.64,-55.5,1384.8,0,1.81,,51.42,,0,2.7
7/12/2017,16:02:19,11.469,729.3,3.5,0.39,210.7,6.64,-55.7,1396.3,0,1.81,,50.98,,0,2.7
7/12/2017,16:02:20,11.465,729.2,3.5,0.38,210.7,6.64,-56,1404.5,0,1.81,,50.57,,0,2.7
7/12/2017,16:02:21,11.462,729.3,3.5,0.38,210.7,6.64,-56.2,1409.4,0,1.82,,50.29,,0,2.7
7/12/2017,16:02:22,11.46,729.4,3.5,0.38,210.7,6.64,-56.4,1414,0,1.83,,50.14,,0,2.7
7/12/2017,16:02:23,11.458,729.3,3.5,0.38,210.7,6.64,-56.7,1206.9,0,1.83,,49.71,,0,2.7
7/12/2017,16:02:24,11.456,729.2,3.5,0.38,210.7,6.64,-56.9,1481.6,0,1.84,,49.39,,0,2.7
7/12/2017,16:02:25,11.456,729.3,3.5,0.38,210.7,6.64,-57.1,1500.6,0,1.85,,48.93,,0,2.7
7/12/2017,16:02:26,11.455,729.3,3.5,0.38,210.7,6.64,-57.4,1483.5,0,1.85,,48.65,,0,2.7
7/12/2017,16:02:27,11.454,729.3,3.5,0.38,210.7,6.64,-57.6,1504.9,0,1.87,,48.33,,0,2.7
7/12/2017,16:02:28,11.453,729.3,3.5,0.38,210.7,6.64,-57.8,1514.5,0,1.87,,47.97,,0,2.7
7/12/2017,16:02:29,11.451,729.2,3.4,0.38,210.8,6.64,-58,1523.2,0,1.87,,47.54,,0,2.7
7/12/2017,16:02:30,11.45,729.2,3.4,0.37,210.8,6.64,-58.2,1530.9,0,1.87,,47.32,,0,2.7
7/12/2017,16:02:31,11.449,729.2,3.4,0.37,210.8,6.64,-58.3,1529,0,1.88,,47.02,,0,2.7
7/12/2017,16:02:32,11.447,729.3,3.4,0.37,210.8,6.64,-58.5,1523.6,0,1.88,,46.63,,0,2.7
7/12/2017,16:02:33,11.446,729.3,3.4,0.37,210.8,6.65,-58.7,1521.6,0,1.89,,46.21,,0,2.7
7/12/2017,16:02:34,11.444,729.4,3.4,0.37,210.8,6.65,-59.1,1526.1,0,1.89,,45.95,,0,2.7
7/12/2017,16:02:35,11.443,729.2,3.4,0.37,210.8,6.65,-59.5,1537.7,0,1.89,,45.86,,0,2.7
7/12/2017,16:02:36,11.442,729.3,3.4,0.37,210.8,6.65,-59.9,1548.6,0,1.9,,45.59,,0,2.7
7/12/2017,16:02:37,11.441,729.2,3.4,0.37,210.8,6.65,-60.2,1554.2,0,1.9,,45.31,,0,2.7
7/12/2017,16:02:38,11.44,729.2,3.4,0.37,210.8,6.65,-60.6,1560,0,1.92,,45.14,,0,2.7
7/12/2017,16:02:39,11.44,729.2,3.3,0.37,210.9,6.65,-61,1566.1,0,1.92,,44.93,,0,2.7
7/12/2017,16:02:40,11.439,729.2,3.3,0.36,210.9,6.65,-61.3,1569.6,0,1.93,,44.71,,0,2.7
7/12/2017,16:02:41,11.439,729.2,3.3,0.36,210.9,6.66,-61.8,1573,0,1.93,,44.39,,0,2.7
7/12/2017,16:02:42,11.438,729.3,3.3,0.36,210.9,6.66,-62.1,1572.9,0,1.94,,44.24,,0,2.7
7/12/2017,16:02:43,11.438,729.3,3.3,0.36,210.9,6.66,-62.4,1575.1,0,1.94,,44.08,,0,2.7
7/12/2017,16:02:44,11.438,729.3,3.3,0.36,210.9,6.66,-62.7,1578.7,0,1.94,,43.8,,0,2.7
7/12/2017,16:02:45,11.438,729.3,3.3,0.36,210.9,6.66,-63.1,1583.5,0,1.94,,43.59,,0,2.7
7/12/2017,16:02:46,11.438,729.2,3.3,0.36,210.9,6.66,-63.4,1590.2,0,1.94,,43.41,,0,2.7
7/12/2017,16:02:47,11.438,729.2,3.3,0.35,210.9,6.66,-63.7,1597,0,1.94,,43.26,,0,2.7
7/12/2017,16:02:48,11.438,729.2,3.2,0.35,210.9,6.66,-63.9,1603.4,0,1.95,,43.04,,0,2.7
7/12/2017,16:02:49,11.438,729.2,3.2,0.35,210.9,6.67,-64.2,1606.1,0,1.96,,42.89,,0,2.7
7/12/2017,16:02:50,11.438,729.2,3.2,0.35,210.9,6.67,-64.5,1785.7,0,1.96,,42.74,,0,2.7
7/12/2017,16:02:51,11.438,729.2,3.2,0.35,210.9,6.67,-64.8,1819.1,0,1.97,,42.37,,0,2.7
7/12/2017,16:02:52,11.437,729.2,3.2,0.35,211,6.67,-65.1,854.45,0,1.99,,35.11,,0,2.7
7/12/2017,16:02:53,11.436,729.4,3.2,0.35,210.9,6.67,-65.4,1244.7,0,1.97,,16.81,,0,2.7
7/12/2017,16:02:54,11.433,729.2,3.2,0.34,210.2,6.67,-65.6,1300.1,0,1.96,,22.44,,0,2.7
7/12/2017,16:02:55,11.428,729.2,3.1,0.34,209.5,6.67,-65.9,1490.4,0,1.98,,58.54,,0,2.7
7/12/2017,16:02:56,11.427,729.2,3.1,0.34,208.8,6.67,-66.1,1114.2,0,2.1,,58.54,,0,2.7
7/12/2017,16:02:57,11.425,729.2,3.1,0.34,208.2,6.67,-66.4,951.62,0,2.27,,57.73,,0,2.7
7/12/2017,16:02:58,11.425,729.2,3.1,0.34,207.1,6.67,-66.6,939.05,0,2.44,,59.15,,0,2.7
7/12/2017,16:02:59,11.432,729.3,3.1,0.33,205.3,6.67,-66.9,877.26,0,7.89,,163.86,,0,2.7
7/12/2017,16:03:00,11.461,729.3,3,0.33,147.3,6.67,-72.5,593.12,0,6.06,,83.14,,0,2.7
7/12/2017,16:03:01,12.596,729.2,3,0.33,128.3,6.67,-73.7,410.62,0,6.13,,94.83,,0,2.7
7/12/2017,16:03:02,12.62,729.2,3,0.32,124.5,6.67,-73.9,243.2,0,7.77,,107.69,,0,2.7
7/12/2017,16:03:03,12.698,729.2,3,0.32,123.6,6.68,-74.6,294.76,0,7.49,,109.92,,0,2.7
7/12/2017,16:03:04,12.686,729.2,2.9,0.31,123.3,6.68,-74.7,207.64,0,6.82,,112.41,,0,2.7
7/12/2017,16:03:05,12.668,729.3,2.9,0.31,123,6.69,-74.8,38.05,0,6.53,,129.64,,0,2.7
7/12/2017,16:03:06,12.664,729.3,2.9,0.31,122.6,6.69,-74.9,178.38,0,6.37,,91.72,,0,2.7
7/12/2017,16:03:07,12.737,729.3,2.9,0.31,120.6,6.69,-75.1,313.01,0,6.15,,61.68,,0,2.7
7/12/2017,16:03:08,12.959,729.2,2.9,0.31,117.6,6.79,-75.2,534.99,0,6.04,,73.76,,0,2.7
7/12/2017,16:03:09,13.091,729.3,3,0.31,114.9,6.78,-75.4,221.99,0,5.85,,63.48,,0,2.7
7/12/2017,16:03:10,14.806,729.2,3.1,0.31,108.4,6.8,-75.6,397.12,0,2.46,,60.04,,0,2.7
7/12/2017,16:03:11,14.827,729.3,3.2,0.32,106,6.8,-75.9,305.51,0,2.5,,51.82,,0,2.7
7/12/2017,16:03:12,16.086,729.2,3.4,0.34,101.8,6.8,-76,391.88,0,0.3,,51.82,,0,2.7
7/12/2017,16:03:13,16.459,729.2,3.6,0.35,98.6,6.8,-76.1,222.31,0,0.49,,50.33,,0,2.7
7/12/2017,16:03:14,19.919,729.2,8.6,0.83,90.7,6.8,-76.2,262.3,0,0.49,,48.65,,0,2.7
7/12/2017,16:03:15,20.222,729.2,10.6,0.97,88.2,6.79,-76.3,93.86,0,0.55,,47.22,,0,2.7
7/12/2017,16:03:16,22.409,729.2,12.4,1.08,83.2,6.78,-76.2,215.94,0,0.54,,46.05,,0,2.7
7/12/2017,16:03:17,22.57,729.2,13.4,1.16,80.7,6.77,-76.1,196.84,0,0.5,,45.09,,0,2.7
7/12/2017,16:03:18,22.614,729.2,14.7,1.27,78.7,6.76,-76,486.32,0,0.54,,44.61,,0,2.7
7/12/2017,16:03:19,24.569,729.2,20.8,1.8,73.9,6.75,-75.9,244.45,0,0.54,,44.11,,0,2.7
7/12/2017,16:03:20,25.283,729.2,23.4,1.93,71.6,6.75,-75.8,160.42,0,0.48,,43.47,,0,2.7
7/12/2017,16:03:21,27.297,729.2,29.1,2.38,68.5,6.63,-75.6,232.78,0,0.42,,42.34,,0,2.7
7/12/2017,16:03:22,27.813,729.2,31.2,2.46,67.2,6.63,-70.3,81.82,0,0.37,,40.16,,0,2.8
7/12/2017,16:03:23,28.068,729.2,42,3.3,66.9,6.62,-69.2,65.59,0,0.33,,19.92,,0,2.8
7/12/2017,16:03:24,28.534,729.2,47.8,3.72,66.5,6.63,-67.7,91.32,0,0.29,,17.62,,0,2.8
7/12/2017,16:03:25,28.789,729.2,55.2,4.27,66.5,6.63,-67.4,183.41,0,0.25,,15.33,,0,2.8
7/12/2017,16:03:26,29.032,729.2,60.9,4.69,66.8,6.63,-67.1,77.27,0,0.2,,13.96,,0,2.8
7/12/2017,16:03:27,29.243,729.2,67.1,5.15,67.2,6.64,-66.6,61.7,0,0.17,,13.82,,0,2.8
7/12/2017,16:03:28,29.404,729.2,71.7,5.48,67.8,6.65,-66.4,32.77,0,0.15,,13.02,,0,2.8
7/12/2017,16:03:29,30.978,729.2,77.4,5.9,68.3,6.66,-66.3,49.04,0,0.11,,12.47,,0,2.8
7/12/2017,16:03:30,31.7,729.2,78.4,5.77,66.6,6.67,-66.2,76.34,0,0.08,,11.93,,0,2.8
7/12/2017,16:03:31,31.506,729.2,79.6,5.85,67.5,6.68,-66.1,51.51,0,0.06,,12.01,,0,2.8
7/12/2017,16:03:32,31.314,729.2,85.1,6.29,68.5,6.78,-66.1,39,0,0,,11.76,,0,2.8
7/12/2017,16:03:33,31.374,729.2,88.6,6.55,69.1,6.78,-66.1,1.73,0,-0.05,,11.31,,0,2.8
7/12/2017,16:03:34,31.758,729.2,89.4,6.58,11.2,6.77,-55.2,3.62,0,-0.06,,11.38,,0,2.8
7/12/2017,16:03:35,31.677,729.2,89.3,6.55,3.1,6.77,-55.4,19.48,0,-0.05,,11.45,,0,2.8
7/12/2017,16:03:36,31.505,729.1,89.2,6.57,37.4,6.79,-68,18.53,0,-0.04,,11.04,,0,2.8
7/12/2017,16:03:37,31.581,729.2,90.2,6.64,24.7,6.76,-57.2,119.27,0,-0.04,,11.82,,0,2.8
7/12/2017,16:03:38,31.609,729.2,90.8,6.68,47.5,6.82,-49.6,2813.6,0,0.03,,13.02,,0,2.8
7/12/2017,16:03:39,31.643,729.2,91.3,6.71,5.9,6.93,-56.8,174.71,0,0.14,,14.23,,0,2.8
7/12/2017,16:03:40,31.575,729.2,91.5,6.73,2.4,6.88,-61.5,14.4,0,0.13,,13.94,,0,2.8
7/12/2017,16:03:41,31.481,729.2,91.6,6.74,1.9,6.9,-56.9,8.05,0,0.17,,14.09,,0,2.8
7/12/2017,16:03:42,31.378,729.2,91.6,6.76,1.7,6.9,-56.9,9.38,0,0.21,,13.34,,0,2.8
7/12/2017,16:03:43,31.295,729.2,91.5,6.76,1.6,6.8,-49.2,30.08,0,0.21,,12.51,,0,2.8
7/12/2017,16:03:44,31.205,729.2,91.4,6.76,1.5,6.85,-50.3,27.76,0,0.21,,11.96,,0,2.8
7/12/2017,16:03:45,31.122,729.2,91.2,6.76,1.5,6.87,-48.7,25.71,0,0.23,,10.27,,0,2.8
7/12/2017,16:03:46,31.008,729.2,91.1,6.76,1.5,6.86,-48,23.66,0,0.23,,8.14,,0,2.8
7/12/2017,16:03:47,30.847,729.2,91,6.77,1.4,6.87,-52.6,22.27,0,0.22,,7.44,,0,2.8
7/12/2017,16:03:48,30.69,729.2,90.9,6.79,1.4,6.9,-50.9,23.63,0,0.22,,5,,0,2.8
7/12/2017,16:03:49,30.585,729.2,91,6.8,1.3,6.92,-48.5,22.8,0,0.22,,3.61,,0,2.8
7/12/2017,16:03:50,30.423,729.3,90.9,6.81,1.3,6.93,-46.9,19.58,0,0.23,,2.77,,0,2.8
7/12/2017,16:03:51,30.254,729.4,90.7,6.81,1.3,6.94,-46.9,15.64,0,0.23,,2.55,,0,2.8
7/12/2017,16:03:52,30.09,729.3,90.5,6.82,1.3,6.92,-38.4,13.59,0,0.25,,2.23,,0,2.8
7/12/2017,16:03:53,29.957,729.2,90.3,6.82,1.2,6.92,-33.3,12.08,0,0.17,,2.17,,0,2.8
